Potential,GSAslope,SS,FirstNorm,LastNorm,OrthogonalityDefect,Frobenius,Trace
77050.295627,0.085021,814393065.329335,6816.384305,8814.820815,207.980112,82202.939704,9773
77043.298132,0.084937,809244893.439270,6192.878733,8814.820815,208.036896,82290.562278,-10899
77034.454960,0.084831,800248597.990679,6192.878733,8814.820815,207.258995,81682.052925,-1698
77034.298137,0.084829,801686333.583349,6192.878733,8814.820815,206.844130,81368.640741,-2181
76992.391061,0.084326,762049766.614694,6192.878733,8814.820815,205.945447,80663.537562,-6120
76976.807611,0.084139,744738077.369394,5579.019986,8814.820815,205.472334,80388.855677,-19987
76950.257706,0.083820,721075293.048806,5579.019986,8814.820815,204.921017,79927.068412,-14989
76930.082393,0.083578,710523886.674547,5579.019986,8814.820815,203.863351,79111.312421,-8047
76915.220538,0.083400,700115317.792616,5579.019986,8814.820815,203.574911,78916.429202,-7318
76913.369888,0.083378,696492884.310305,5579.019986,8814.820815,202.584802,78254.757958,-6088
76893.480281,0.083139,690843270.750599,5579.019986,8814.820815,202.895158,78528.222188,-1352
76872.877786,0.082892,674526284.517084,5579.019986,8814.820815,202.134196,77857.251859,-20972
76871.430913,0.082874,676351376.316144,5579.019986,8814.820815,202.476634,78155.018111,-7579
76852.826953,0.082651,669069455.653567,5579.019986,8814.820815,202.072956,77876.410600,-363
76842.727340,0.082530,662879185.259980,5579.019986,8814.820815,202.096526,77947.091915,-4354
76780.405722,0.081782,630405889.117001,5579.019986,8814.820815,199.362512,75892.829786,-13375
76772.262175,0.081684,627234085.009236,5579.019986,8814.820815,199.522107,76044.598776,1336
76746.665044,0.081377,619178097.143092,5579.019986,8814.820815,199.515228,75971.810134,-339
76728.708239,0.081161,615431577.863860,5579.019986,8814.820815,198.858973,75580.718110,-887
76724.588780,0.081112,615502898.227501,5579.019986,8814.820815,198.038715,75011.775336,-13211
76682.476832,0.080607,605265127.421074,5579.019986,8814.820815,197.044530,74347.153792,-1829
76662.664101,0.080369,596378196.252257,5579.019986,8814.820815,197.077904,74383.414865,-16266
76647.475030,0.080187,594724914.687677,5579.019986,8814.820815,196.634016,74035.101763,-3477
76585.908732,0.079448,578753047.815800,5579.019986,8814.820815,196.327700,73760.990476,-11681
76592.413637,0.079526,579989449.272772,5579.019986,8814.820815,195.289364,73092.896755,-7966
76585.888996,0.079447,578017477.934349,5579.019986,8814.820815,195.980815,73467.812680,1092
76576.075871,0.079330,576788656.902918,5579.019986,8814.820815,195.084581,72857.867180,-9413
76553.190682,0.079055,572293806.130167,5579.019986,8814.820815,195.060874,72848.032348,-11900
76523.546408,0.078699,566758394.555174,5579.019986,8814.820815,193.197557,71573.545120,-9534
76484.156723,0.078227,562103745.729383,5579.019986,8814.820815,193.382744,71715.290427,-2119
76486.051837,0.078249,562366531.211247,5579.019986,8814.820815,193.148866,71511.172533,-7882
76457.789240,0.077910,560578041.986164,5579.019986,8814.820815,193.018012,71319.365196,-10728
76452.661938,0.077849,560006670.334217,5579.019986,8814.820815,192.911322,71265.807313,-8592
76453.121939,0.077854,560012125.402754,5579.019986,8814.820815,192.028399,70622.207499,-8035
76383.242083,0.077015,552073440.851632,5579.019986,8814.820815,191.285690,70244.736059,-21914
76356.724679,0.076697,550097473.127381,5579.019986,8814.820815,191.443539,70250.223551,-5087
76350.044015,0.076617,549036889.625333,5579.019986,8814.820815,191.173975,70109.974768,-7264
76305.144500,0.076078,545920928.735790,5579.019986,8814.820815,190.861571,69944.649495,-4904
76295.250083,0.075959,544979477.783731,5579.019986,8814.820815,191.340443,70298.415146,-124
76300.863999,0.076027,545131759.041812,5579.019986,8814.820815,190.871723,69890.739265,-42
76265.918562,0.075607,543122365.690582,5579.019986,8814.820815,190.873064,69840.026697,5695
76270.763073,0.075666,543486447.182222,5579.019986,8814.820815,190.238406,69365.163432,5823
76264.414903,0.075589,543394917.727598,5579.019986,8814.820815,189.498016,68910.774528,7211
76259.575177,0.075531,543323188.132106,5579.019986,8814.820815,189.713903,69016.677535,7414
76254.724063,0.075473,543272767.059486,5579.019986,8814.820815,188.940132,68388.861052,8486
76177.914157,0.074551,538921377.423288,5579.019986,8814.820815,188.798343,68231.497917,-482
76168.598958,0.074439,538797348.476718,5579.019986,8814.820815,189.026021,68330.770506,3975
76154.440868,0.074270,538661783.807976,5579.019986,8814.820815,188.996366,68311.038881,609
76152.283229,0.074244,538625488.076062,5579.019986,8814.820815,188.732092,68103.068154,1715
76105.445220,0.073682,536996613.376282,5579.019986,8814.820815,188.625798,67994.398755,-435
76098.916845,0.073603,536465345.055513,5579.019986,8814.820815,186.633407,66606.267483,-3388
76035.704085,0.072845,534658960.279639,5579.019986,8814.820815,187.321426,67108.367705,7686
76026.680634,0.072736,534421617.431628,5579.019986,8814.820815,187.632151,67229.105855,-2194
75973.073772,0.072093,533448848.992935,5579.019986,8814.820815,187.073829,66837.725844,3971
75959.011896,0.071924,533202522.472799,5579.019986,8814.820815,186.123785,66237.535967,2567
75947.251066,0.071783,533137129.561853,5579.019986,8814.820815,186.705122,66568.386881,-1894
75909.126562,0.071325,532348517.968426,5579.019986,8814.820815,186.372648,66358.107432,-5271
75906.972462,0.071300,532002482.630024,5579.019986,8814.820815,186.571885,66506.413563,753
75905.583062,0.071283,531955693.353901,5579.019986,8814.820815,185.854923,66083.685445,-1280
75906.338409,0.071292,531904571.045925,5579.019986,8814.820815,186.923340,66724.646578,-67
75906.848617,0.071298,531778855.538296,5579.019986,7458.767794,185.597391,65777.629913,-10289
75870.756507,0.070865,531208810.001108,5579.019986,7458.385482,186.049427,66080.319990,-12427
75870.756507,0.070865,531208810.001108,5579.019986,7458.385482,186.049427,66080.319990,-12427
75857.273994,0.070703,531050976.337379,5579.019986,7878.276588,186.262950,66286.854775,-9962
75857.273994,0.070703,531050976.337379,5579.019986,7878.276588,186.262950,66286.854775,-9962
75848.147001,0.070594,530894458.265825,5579.019986,6307.581074,185.707019,65851.756985,-493
75848.147001,0.070594,530894458.265825,5579.019986,6307.581074,185.707019,65851.756985,-493
75848.147001,0.070594,530894458.265825,5579.019986,6307.581074,185.707019,65851.756985,-493
75826.798595,0.070337,530614987.185920,5579.019986,6173.484429,184.657486,65292.223901,-11963
75826.798595,0.070337,530614987.185920,5579.019986,6173.484429,184.657486,65292.223901,-11963
75827.481272,0.070346,530623157.461611,5579.019986,7017.313945,185.033439,65458.687009,-14983
75822.818614,0.070290,530584163.183325,5579.019986,6483.291988,185.705883,65899.974643,-12985
75822.818614,0.070290,530584163.183325,5579.019986,6483.291988,185.705883,65899.974643,-12985
75822.818614,0.070290,530584163.183325,5579.019986,6483.291988,185.705883,65899.974643,-12985
75819.720537,0.070252,530550497.885637,5579.019986,7474.093457,185.722329,65957.430817,-7882
75805.767690,0.070085,530467664.032017,5579.019986,6085.973710,185.879637,66009.098585,-3886
75805.767690,0.070085,530467664.032017,5579.019986,6085.973710,185.879637,66009.098585,-3886
75805.767690,0.070085,530467664.032017,5579.019986,6085.973710,185.879637,66009.098585,-3886
75798.562306,0.069999,530370180.021775,5579.019986,6848.495236,185.107019,65491.932824,-4780
75798.562306,0.069999,530370180.021775,5579.019986,6848.495236,185.107019,65491.932824,-4780
75798.562306,0.069999,530370180.021775,5579.019986,6848.495236,185.107019,65491.932824,-4780
75798.562306,0.069999,530370180.021775,5579.019986,6848.495236,185.107019,65491.932824,-4780
75798.562306,0.069999,530370180.021775,5579.019986,6848.495236,185.107019,65491.932824,-4780
75798.562306,0.069999,530370180.021775,5579.019986,6848.495236,185.107019,65491.932824,-4780
75798.562306,0.069999,530370180.021775,5579.019986,6848.495236,185.107019,65491.932824,-4780
75798.562306,0.069999,530370180.021775,5579.019986,6848.495236,185.107019,65491.932824,-4780
75798.562306,0.069999,530370180.021775,5579.019986,6848.495236,185.107019,65491.932824,-4780
75798.562306,0.069999,530370180.021775,5579.019986,6848.495236,185.107019,65491.932824,-4780
75797.795755,0.069989,530367029.977932,5579.019986,6848.495236,184.952180,65385.488665,-1679
75797.795755,0.069989,530367029.977932,5579.019986,6848.495236,184.952180,65385.488665,-1679
75797.795755,0.069989,530367029.977932,5579.019986,6848.495236,184.952180,65385.488665,-1679
75797.795755,0.069989,530367029.977932,5579.019986,6848.495236,184.952180,65385.488665,-1679
75797.845458,0.069990,530366731.430292,5579.019986,7574.710357,185.052966,65465.536567,-5563
75797.845458,0.069990,530366731.430292,5579.019986,7574.710357,185.052966,65465.536567,-5563
75797.845458,0.069990,530366731.430292,5579.019986,7574.710357,185.052966,65465.536567,-5563
75797.845458,0.069990,530366731.430292,5579.019986,7574.710357,185.052966,65465.536567,-5563
75797.845458,0.069990,530366731.430292,5579.019986,7574.710357,185.052966,65465.536567,-5563
75797.845458,0.069990,530366731.430292,5579.019986,7574.710357,185.052966,65465.536567,-5563
75797.845458,0.069990,530366731.430292,5579.019986,7574.710357,185.052966,65465.536567,-5563
75797.845458,0.069990,530366731.430292,5579.019986,7574.710357,185.052966,65465.536567,-5563
75794.092554,0.069945,523837213.017074,4887.515320,7574.710357,184.418274,65013.622065,-9885
75790.104807,0.069897,521176208.234293,4887.515320,7574.710357,184.120558,64876.959731,-6402
75776.198070,0.069730,503905301.587436,4887.515320,7574.710357,183.586639,64541.306239,-5289
75743.560511,0.069338,489412064.768933,4736.610180,7574.710357,183.634522,64667.064484,-8234
75749.083248,0.069405,492399851.146578,4736.610180,7574.710357,182.942368,64258.723742,-2931
75749.961954,0.069415,495473750.312069,4736.610180,7574.710357,182.314117,63894.562194,-3155
75679.895752,0.068574,453302996.006641,4736.610180,7574.710357,180.249375,62659.977226,-6373
75687.232730,0.068662,455353830.022594,4736.610180,7574.710357,180.473204,62792.697649,224
75678.924804,0.068563,450943804.211786,4736.610180,7574.710357,180.007107,62529.176286,-1125
75666.462065,0.068413,446917248.158763,4736.610180,7574.710357,179.880700,62414.991941,-3178
75663.635086,0.068379,445635970.260770,4736.610180,7574.710357,178.778298,61749.187153,-600
75644.789155,0.068153,442527437.346736,4736.610180,7574.710357,179.636373,62250.147767,-1577
75627.254886,0.067943,434961484.217919,4736.610180,7574.710357,178.361859,61546.121852,-7695
75630.681032,0.067984,437187446.452641,4736.610180,7574.710357,178.290598,61492.451610,-8887
75639.155082,0.068085,439882699.744311,4736.610180,7574.710357,177.572728,61026.043342,-7741
75600.913563,0.067627,424144636.884793,4736.610180,7574.710357,178.032873,61322.647717,-1818
75592.913515,0.067531,421777252.409317,4736.610180,7574.710357,177.075331,60794.118564,-8252
75594.067839,0.067544,422211939.679394,4736.610180,7574.710357,176.956793,60688.206350,-5621
75580.556314,0.067382,420148325.155759,4736.610180,7574.710357,177.585514,61053.763004,-1813
75554.928035,0.067075,413173568.089929,4736.610180,7574.710357,177.407545,60920.371363,7351
75562.021018,0.067160,413510673.034712,4736.610180,7574.710357,176.994105,60709.451505,-771
75537.639289,0.066867,409166593.487220,4736.610180,7574.710357,176.775995,60584.568225,-204
75539.245702,0.066886,409474404.310800,4736.610180,7574.710357,175.414575,59820.785083,-1561
75532.802647,0.066809,408382446.805208,4736.610180,7574.710357,174.443063,59270.446506,-9483
75526.544352,0.066734,407057599.789567,4736.610180,7574.710357,174.556623,59319.820659,1994
75523.931646,0.066703,406892645.945107,4736.610180,7574.710357,174.884752,59477.573126,1762
75512.685468,0.066568,405581589.845578,4736.610180,7574.710357,174.550525,59292.499028,-7247
75504.867898,0.066474,404335746.595002,4736.610180,7574.710357,173.427176,58653.197338,-4100
75494.761297,0.066353,401384877.080124,4736.610180,7574.710357,173.738242,58799.931054,170
75479.716947,0.066172,398809156.275725,4736.610180,7574.710357,173.628533,58688.136024,-10429
75445.113032,0.065757,394160219.183698,4736.610180,7574.710357,173.106227,58428.778671,4094
75435.946426,0.065647,393308805.690658,4736.610180,7574.710357,172.400331,58118.975249,-4655
75392.229924,0.065122,387913647.962801,4736.610180,7574.710357,172.714923,58294.415487,-2829
75385.821481,0.065045,386940231.787227,4736.610180,7574.710357,171.148786,57444.179226,-4430
75377.112538,0.064941,386397204.109821,4736.610180,7574.710357,171.466275,57562.476823,4698
75381.319825,0.064991,386603240.790670,4736.610180,7574.710357,171.459993,57531.640260,2400
75350.207977,0.064618,384163558.107974,4736.610180,7574.710357,171.907770,57821.378002,2200
75342.065254,0.064520,383766499.426329,4736.610180,7574.710357,171.373966,57392.992116,100
75319.008568,0.064243,382650224.159266,4736.610180,7574.710357,171.573425,57511.229251,-2953
75306.110005,0.064089,382129831.667944,4736.610180,7574.710357,170.925028,57136.622021,4632
75303.667430,0.064059,382265392.166267,4736.610180,7574.710357,170.820538,57051.358993,1230
75302.909091,0.064050,382263407.408222,4736.610180,7574.710357,170.750027,57010.772807,1262
75302.650714,0.064047,382255178.432408,4736.610180,7574.710357,170.522230,56872.150548,200
75301.980007,0.064039,382248207.665970,4736.610180,7574.710357,170.387050,56762.828083,-1379
75296.789394,0.063977,381359410.361894,4736.610180,7574.710357,170.170851,56595.121062,-2700
75296.655862,0.063975,381358322.555748,4736.610180,7574.710357,170.023656,56491.765347,-3974
75296.589958,0.063974,381357530.321146,4736.610180,7574.710357,169.941160,56434.574190,-7513
75296.294162,0.063971,381356153.726804,4736.610180,7574.710357,169.932299,56428.342409,-4142
75293.357816,0.063935,381013737.445356,4736.610180,7574.710357,170.204381,56564.497735,2845
75293.143598,0.063933,381013673.637593,4736.610180,7574.710357,170.129934,56517.941258,2037
75292.942616,0.063931,381010283.344694,4736.610180,7574.710357,170.032523,56454.189756,1218
75292.589197,0.063926,381007163.298483,4736.610180,7574.710357,169.754823,56238.551733,1911
75292.325641,0.063923,381006486.177005,4736.610180,7574.710357,169.532957,56056.847771,3109
75292.154118,0.063921,381006470.791270,4736.610180,7574.710357,169.545257,56063.416824,3100
75280.964021,0.063787,380732798.044052,4736.610180,7574.710357,169.217047,55848.469030,1264
75280.501832,0.063781,380730522.996874,4736.610180,7574.710357,169.173939,55822.173901,-335
75279.713314,0.063772,380728649.535808,4736.610180,7574.710357,169.070230,55757.958445,446
75279.629173,0.063771,380728274.505863,4736.610180,7574.710357,169.078516,55764.077209,2378
75264.040093,0.063584,380041669.598542,4736.610180,7574.710357,169.084254,55772.182690,-1444
75264.040093,0.063584,380041669.598542,4736.610180,6331.673318,168.905003,55616.995712,-1347
75264.040093,0.063584,380041669.598542,4736.610180,6331.673318,168.905003,55616.995712,-1347
75264.040093,0.063584,380041669.598542,4736.610180,6331.673318,168.905003,55616.995712,-1347
75264.040093,0.063584,380041669.598542,4736.610180,6331.673318,168.905003,55616.995712,-1347
75264.040093,0.063584,380041669.598542,4736.610180,6331.673318,168.905003,55616.995712,-1347
75251.236099,0.063430,379744886.335130,4736.610180,5889.002802,168.661700,55527.015884,6038
75242.624728,0.063327,379565108.033793,4736.610180,5937.140979,168.821152,55579.024074,1400
75242.624728,0.063327,379565108.033793,4736.610180,5937.140979,168.821152,55579.024074,1400
75240.556387,0.063302,379503976.402134,4736.610180,5937.140979,168.109930,55209.032803,4291
75240.556387,0.063302,379503976.402134,4736.610180,5937.140979,168.109930,55209.032803,4291
75240.556387,0.063302,379503976.402134,4736.610180,5937.140979,168.109930,55209.032803,4291
75228.085426,0.063152,379389867.561312,4736.610180,5937.140979,168.200321,55214.650601,2248
75228.085426,0.063152,379389867.561312,4736.610180,5937.140979,168.200321,55214.650601,2248
75228.085426,0.063152,379389867.561312,4736.610180,5937.140979,168.200321,55214.650601,2248
75228.085426,0.063152,379389867.561312,4736.610180,5937.140979,168.200321,55214.650601,2248
75226.737215,0.063136,379371536.028036,4736.610180,5937.140979,168.865883,55602.500196,3404
75226.737215,0.063136,379371536.028036,4736.610180,5937.140979,168.865883,55602.500196,3404
75226.737215,0.063136,379371536.028036,4736.610180,5937.140979,168.865883,55602.500196,3404
75226.737215,0.063136,379371536.028036,4736.610180,5937.140979,168.865883,55602.500196,3404
75226.737215,0.063136,379371536.028036,4736.610180,5937.140979,168.865883,55602.500196,3404
75222.735047,0.063088,379334036.137007,4736.610180,5301.901734,168.398270,55329.862073,-2047
75222.735047,0.063088,379334036.137007,4736.610180,5301.901734,168.398270,55329.862073,-2047
75222.735047,0.063088,379334036.137007,4736.610180,5301.901734,168.398270,55329.862073,-2047
75222.735047,0.063088,379334036.137007,4736.610180,5301.901734,168.398270,55329.862073,-2047
75219.145994,0.063045,379304102.556875,4736.610180,4675.335496,169.092534,55762.533685,1372
75218.378975,0.063036,379301293.985223,4736.610180,5854.505188,169.211628,55803.323396,7658
75218.378975,0.063036,379301293.985223,4736.610180,5854.505188,169.211628,55803.323396,7658
75218.378975,0.063036,379301293.985223,4736.610180,5854.505188,169.211628,55803.323396,7658
75215.737125,0.063004,379284911.491278,4736.610180,5937.140979,169.091988,55725.291161,4756
75215.737125,0.063004,379284911.491278,4736.610180,5937.140979,169.091988,55725.291161,4756
75215.215781,0.062998,379282723.585427,4736.610180,5937.140979,169.291787,55841.531059,4770
75215.215781,0.062998,379282723.585427,4736.610180,5937.140979,169.291787,55841.531059,4770
75215.215781,0.062998,379282723.585427,4736.610180,5937.140979,169.291787,55841.531059,4770
75215.215781,0.062998,379282723.585427,4736.610180,5937.140979,169.291787,55841.531059,4770
75214.773308,0.062992,379280498.478464,4736.610180,5937.140979,169.179835,55776.037758,4997
75214.773308,0.062992,379280498.478464,4736.610180,5937.140979,169.179835,55776.037758,4997
75214.773308,0.062992,379280498.478464,4736.610180,5937.140979,169.179835,55776.037758,4997
75214.773308,0.062992,379280498.478464,4736.610180,5937.140979,169.179835,55776.037758,4997
75214.773308,0.062992,379280498.478464,4736.610180,5937.140979,169.179835,55776.037758,4997
75214.773308,0.062992,379280498.478464,4736.610180,5937.140979,169.179835,55776.037758,4997
75218.865321,0.063041,380493352.493069,4203.935656,5937.140979,168.472341,55415.875622,5577
75213.855264,0.062981,376902672.658234,4203.935656,5937.140979,168.718637,55588.099572,-1886
75222.182566,0.063081,378430618.070798,4203.935656,5937.140979,167.685132,55091.264271,1368
75217.980329,0.063031,376734950.737704,4203.935656,5937.140979,167.967937,55193.331517,1618
75224.141591,0.063105,376717857.979110,4203.935656,5937.140979,167.650896,55064.905902,-3189
75227.295665,0.063143,377096466.121483,4203.935656,5937.140979,167.640611,55086.949843,-975
75206.771165,0.062896,368087428.909502,4203.935656,5937.140979,166.803594,54679.478308,2346
75193.429005,0.062736,361325270.054120,4203.935656,5937.140979,166.913966,54748.298321,10159
75193.329313,0.062735,360384575.086890,4203.935656,5937.140979,166.233074,54369.527697,419
75183.905141,0.062622,358355871.945596,4203.935656,5937.140979,166.335924,54435.883505,9193
75190.207296,0.062698,359841005.286823,4203.935656,5937.140979,166.837245,54724.259401,1625
75186.840831,0.062657,357670651.643372,4203.935656,5937.140979,166.935330,54760.942167,7426
75181.472624,0.062593,356873846.038754,4203.935656,5937.140979,166.013241,54294.300465,6538
75190.515906,0.062701,357966842.942092,4203.935656,5937.140979,166.567483,54552.571342,9055
75201.801359,0.062837,359943241.998604,4203.935656,5937.140979,166.151798,54320.865126,203
75196.078644,0.062768,358676346.679171,4203.935656,5937.140979,166.786353,54660.144164,3796
75198.702736,0.062800,358489161.909156,4203.935656,5937.140979,166.342567,54471.012924,5053
75204.964831,0.062875,358529822.928374,4203.935656,5937.140979,165.993104,54271.786575,7942
75205.055427,0.062876,358768585.961940,4203.935656,5937.140979,165.161822,53854.214598,6649
75208.549462,0.062918,358213125.980759,4203.935656,5937.140979,165.484664,53963.915545,9737
75203.186328,0.062853,357299205.191017,4203.935656,5937.140979,166.182039,54301.042835,-361
75180.565641,0.062582,352251945.721211,4203.935656,5937.140979,165.120458,53745.797575,6154
75185.854560,0.062645,352765706.990185,4203.935656,5937.140979,165.651518,54053.933761,5043
75191.077946,0.062708,353306104.258064,4203.935656,5937.140979,165.060769,53717.335302,884
75202.122861,0.062841,354279341.594879,4203.935656,5937.140979,165.487165,53957.204996,-796
75199.114511,0.062804,353424478.844022,4203.935656,5937.140979,165.809424,54089.992845,-2234
75187.087332,0.062660,351930821.742953,4203.935656,5937.140979,165.773859,54073.235135,-486
75182.888148,0.062610,351648695.110750,4203.935656,5937.140979,164.696414,53553.083870,5507
75169.453125,0.062448,348405772.558480,4203.935656,5937.140979,165.207079,53804.649799,3741
75135.635082,0.062043,342753529.418771,4203.935656,5937.140979,163.988117,53146.128194,4542
75141.248295,0.062110,343282958.818673,4203.935656,5937.140979,164.179251,53216.413333,526
75090.908371,0.061506,338035400.042339,4203.935656,5937.140979,163.596034,52938.232413,7070
75091.899674,0.061518,338246259.187101,4203.935656,5937.140979,163.010645,52636.376860,12177
75097.715608,0.061588,338499067.471110,4203.935656,5937.140979,163.624624,52973.729640,8831
75101.784713,0.061636,338751440.207067,4203.935656,5937.140979,163.438512,52851.966841,2038
75106.400039,0.061692,338973613.698123,4203.935656,5937.140979,163.610648,52926.721795,9320
75101.918541,0.061638,338652391.351930,4203.935656,5937.140979,163.991634,53128.185730,2991
75096.347709,0.061571,337759674.512733,4203.935656,5937.140979,163.038267,52623.720317,11596
75096.157523,0.061569,337867423.230835,4203.935656,5937.140979,163.250272,52699.968672,12983
75098.066073,0.061592,337893440.407653,4203.935656,5937.140979,163.593506,52893.422757,5056
75042.763008,0.060928,334064951.623191,4203.935656,5937.140979,163.180724,52680.274363,5257
75042.238185,0.060922,334060850.355228,4203.935656,5937.140979,163.047517,52589.324801,4185
75041.900331,0.060918,334057340.231176,4203.935656,5937.140979,162.951156,52525.169414,4232
75041.379387,0.060911,334053885.087104,4203.935656,5937.140979,163.029871,52579.323408,2898
75044.937291,0.060954,334122611.915528,4203.935656,5937.140979,162.401002,52231.879327,7858
75031.266515,0.060790,333613122.913087,4203.935656,5937.140979,161.804315,51909.880129,2810
75005.263338,0.060478,331961114.106046,4203.935656,5937.140979,161.535311,51815.712183,2556
75010.579548,0.060542,332048637.088107,4203.935656,5937.140979,161.687812,51872.939525,11550
74996.718469,0.060375,331576255.323508,4203.935656,5937.140979,161.782774,51886.570873,956
75003.865836,0.060461,331697032.951648,4203.935656,5937.140979,161.348367,51651.816047,6974
74989.807991,0.060293,331468181.151673,4203.935656,5937.140979,161.264503,51596.826143,2420
74985.970016,0.060246,331125038.487866,4203.935656,5937.140979,161.665060,51792.534143,2225
74978.196016,0.060153,330920155.781663,4203.935656,5937.140979,161.611044,51824.566269,-2350
74985.078596,0.060236,331028715.777214,4203.935656,5937.140979,161.056697,51509.160418,-88
74976.756660,0.060136,330578433.212752,4203.935656,5937.140979,161.644866,51794.705868,4714
74889.716194,0.059091,328465752.983856,4203.935656,5937.140979,161.135469,51546.412096,8685
74892.785180,0.059128,328516906.796381,4203.935656,5937.140979,160.831262,51392.807308,1750
74898.446495,0.059196,328557884.045176,4203.935656,5937.140979,160.732666,51295.747855,6573
74902.939794,0.059250,328635977.160382,4203.935656,5937.140979,161.232974,51635.359300,-1783
74899.050010,0.059203,328542611.141467,4203.935656,5745.452027,160.943881,51389.648335,-2090
74889.464553,0.059088,328440584.181425,4203.935656,5113.996871,160.237804,51059.890061,3626
74889.464553,0.059088,328440584.181425,4203.935656,5113.996871,160.237804,51059.890061,3626
74889.464553,0.059088,328440584.181425,4203.935656,5113.996871,160.237804,51059.890061,3626
74894.264885,0.059146,328418867.959677,4203.935656,5119.029693,160.132856,50958.737612,-2002
74883.399986,0.059016,328268578.202652,4203.935656,5139.428762,160.151539,51025.178138,-4807
74883.399986,0.059016,328268578.202652,4203.935656,5139.428762,160.151539,51025.178138,-4807
74883.399986,0.059016,328268578.202652,4203.935656,5139.428762,160.151539,51025.178138,-4807
74878.755829,0.058960,328149750.661019,4203.935656,5051.545308,159.758853,50759.941332,680
74878.755829,0.058960,328149750.661019,4203.935656,5051.545308,159.758853,50759.941332,680
74878.755829,0.058960,328149750.661019,4203.935656,5051.545308,159.758853,50759.941332,680
74867.100219,0.058820,327887830.302206,4203.935656,5059.264275,160.308902,51064.132804,-1472
74867.100219,0.058820,327887830.302206,4203.935656,5059.264275,160.308902,51064.132804,-1472
74867.100219,0.058820,327887830.302206,4203.935656,5059.264275,160.308902,51064.132804,-1472
74867.100219,0.058820,327887830.302206,4203.935656,5059.264275,160.308902,51064.132804,-1472
74869.416143,0.058848,327864823.292315,4203.935656,5304.358020,160.594104,51198.887937,519
74869.416143,0.058848,327864823.292315,4203.935656,5304.358020,160.594104,51198.887937,519
74869.416143,0.058848,327864823.292315,4203.935656,5304.358020,160.594104,51198.887937,519
74868.076607,0.058832,327840569.348188,4203.935656,5304.358020,160.395257,51070.412657,4560
74868.076607,0.058832,327840569.348188,4203.935656,5304.358020,160.395257,51070.412657,4560
74868.076607,0.058832,327840569.348188,4203.935656,5304.358020,160.395257,51070.412657,4560
74868.076607,0.058832,327840569.348188,4203.935656,5304.358020,160.395257,51070.412657,4560
74868.076607,0.058832,327840569.348188,4203.935656,5304.358020,160.395257,51070.412657,4560
74868.076607,0.058832,327840569.348188,4203.935656,5304.358020,160.395257,51070.412657,4560
74861.242391,0.058750,327777861.565362,4203.935656,5304.358020,160.153861,50928.099719,3316
74861.350043,0.058751,327772242.430071,4203.935656,5304.358020,160.133191,50930.373158,-138
74861.350043,0.058751,327772242.430071,4203.935656,5304.358020,160.133191,50930.373158,-138
74859.537203,0.058729,327758428.101428,4203.935656,5074.923940,159.997850,50863.739599,698
74859.537203,0.058729,327758428.101428,4203.935656,5074.923940,159.997850,50863.739599,698
74858.700819,0.058719,327751716.157431,4203.935656,5468.433322,160.064654,50908.127524,1128
74858.700819,0.058719,327751716.157431,4203.935656,5468.433322,160.064654,50908.127524,1128
74858.700819,0.058719,327751716.157431,4203.935656,5468.433322,160.064654,50908.127524,1128
74858.700819,0.058719,327751716.157431,4203.935656,5468.433322,160.064654,50908.127524,1128
74858.700819,0.058719,327751716.157431,4203.935656,5468.433322,160.064654,50908.127524,1128
74858.700819,0.058719,327751716.157431,4203.935656,5468.433322,160.064654,50908.127524,1128
74858.700819,0.058719,327751716.157431,4203.935656,5468.433322,160.064654,50908.127524,1128
74858.700819,0.058719,327751716.157431,4203.935656,5468.433322,160.064654,50908.127524,1128
74858.700819,0.058719,327751716.157431,4203.935656,5468.433322,160.064654,50908.127524,1128
74858.700819,0.058719,327751716.157431,4203.935656,5468.433322,160.064654,50908.127524,1128
74858.700819,0.058719,327751716.157431,4203.935656,5468.433322,160.064654,50908.127524,1128
74858.562205,0.058717,329018908.924730,3922.256366,5468.433322,159.827651,50790.859296,-1472
74863.768697,0.058780,330849106.958083,3922.256366,5468.433322,159.557054,50725.416006,-245
74866.615689,0.058814,332573562.749759,3922.256366,5468.433322,159.760319,50768.633505,2982
74870.435862,0.058860,333189475.416494,3922.256366,5468.433322,159.584001,50694.730584,-229
74863.526284,0.058777,330780768.897002,3922.256366,5468.433322,159.623215,50695.943536,-2941
74863.526284,0.058777,330780768.897002,3922.256366,5468.433322,159.655086,50712.192814,-3832
74870.765856,0.058864,332762672.406534,3922.256366,5468.433322,158.810167,50315.243923,3105
74860.561282,0.058741,328514141.197860,3922.256366,5468.433322,158.948270,50405.361828,5071
74867.844236,0.058829,330256405.442125,3922.256366,5468.433322,159.002210,50430.109905,341
74881.806536,0.058996,333531641.840434,3922.256366,5468.433322,158.788191,50336.727526,-745
74866.216466,0.058809,327956061.485801,3922.256366,5468.433322,158.143888,50012.919651,-3499
74865.427685,0.058800,327324949.598458,3922.256366,5468.433322,159.081652,50492.339587,-3762
74871.555001,0.058873,328084617.526325,3922.256366,5468.433322,158.897386,50375.246233,-2965
74862.885817,0.058769,327362014.466689,3922.256366,5468.433322,159.035611,50489.401858,726
74850.468606,0.058620,322689236.776093,3922.256366,5468.433322,159.318614,50617.612103,5276
74847.115801,0.058580,321684649.976291,3922.256366,5468.433322,158.953494,50422.627272,-326
74836.242983,0.058450,319610800.173429,3922.256366,5468.433322,157.949447,49965.643596,1753
74830.853219,0.058385,317870551.261427,3922.256366,5468.433322,158.062631,49978.132818,-5317
74835.719365,0.058443,318531863.795044,3922.256366,5468.433322,158.386413,50154.593598,4834
74841.615281,0.058514,318938005.269001,3922.256366,5468.433322,157.931543,49969.215853,2743
74840.283323,0.058498,316834316.753575,3922.256366,5468.433322,157.577626,49802.462871,71
74849.556605,0.058609,317974778.279222,3922.256366,5468.433322,158.664417,50356.814623,629
74819.059169,0.058243,312729370.326386,3922.256366,5468.433322,158.209528,50065.795989,-2383
74801.395133,0.058031,309967866.824081,3922.256366,5468.433322,157.414825,49625.875539,2556
74806.602900,0.058094,310262804.733666,3922.256366,5468.433322,157.545265,49753.846726,2478
74805.020923,0.058075,310207812.416269,3922.256366,5468.433322,157.077125,49562.671831,3418
74799.198235,0.058005,309393209.326595,3922.256366,5468.433322,156.685734,49341.538636,1252
74802.718437,0.058047,309598952.036883,3922.256366,5468.433322,157.337862,49611.635863,6925
74800.830137,0.058025,309275449.814373,3922.256366,5468.433322,157.292771,49587.619413,5035
74815.478463,0.058200,310128158.284040,3922.256366,5468.433322,156.431462,49167.620727,1802
74816.153957,0.058208,309908876.902804,3922.256366,5468.433322,156.929988,49413.767606,533
74812.537346,0.058165,309360479.125862,3922.256366,5468.433322,156.829307,49372.112432,-1159
74818.867638,0.058241,309489624.283091,3922.256366,5468.433322,157.030093,49511.486334,-310
74798.451987,0.057996,307565398.157123,3922.256366,5468.433322,157.607856,49788.110579,6517
74789.724702,0.057891,306698694.152007,3922.256366,5468.433322,156.692513,49256.485177,5219
74786.216712,0.057849,306281074.000068,3922.256366,5468.433322,157.067446,49476.571466,6403
74794.627059,0.057950,306442497.483455,3922.256366,5468.433322,157.829874,49904.367244,-5362
74798.277097,0.057994,306496690.283162,3922.256366,5468.433322,156.333119,49125.614123,-5099
74806.530751,0.058093,306668099.201429,3922.256366,5468.433322,156.443330,49162.083286,3184
74810.529815,0.058141,306688233.864140,3922.256366,5468.433322,155.885643,48898.831990,-2366
74805.088620,0.058076,306266904.540052,3922.256366,5468.433322,155.947557,48986.447044,-586
74805.088620,0.058076,306266904.540052,3922.256366,5468.433322,155.948541,48987.100955,-1752
74805.088620,0.058076,306266904.540052,3922.256366,5468.433322,155.984451,49006.682667,-547
74805.088620,0.058076,306266904.540052,3922.256366,5468.433322,156.123609,49075.788827,-1135
74808.152875,0.058112,306194371.363255,3922.256366,5468.433322,155.703919,48816.301980,-1664
74796.121445,0.057968,305651659.577312,3922.256366,5468.433322,156.464565,49154.446706,3004
74792.742843,0.057928,305575497.291652,3922.256366,5468.433322,155.736675,48766.815828,1719
74787.196019,0.057861,304562165.181560,3922.256366,5468.433322,155.941561,48908.363140,4991
74776.209133,0.057729,303873318.957255,3922.256366,5468.433322,155.817608,48808.385980,-1427
74790.271376,0.057898,304192465.268795,3922.256366,5468.433322,155.569129,48697.784734,503
74777.342688,0.057743,303838193.835833,3922.256366,5468.433322,155.933633,48889.604253,765
74775.121510,0.057716,303731341.023521,3922.256366,5468.433322,155.774313,48834.050313,-3980
74747.142781,0.057380,302838137.856829,3922.256366,5468.433322,156.620712,49238.824488,3896
74743.552109,0.057337,302573832.543967,3922.256366,5468.433322,155.580234,48695.323523,7921
74742.288377,0.057322,302561768.131370,3922.256366,5468.433322,156.285361,49075.755216,2470
74747.093546,0.057380,302661086.281117,3922.256366,5468.433322,155.966723,48904.755495,-1255
74743.625110,0.057338,302502551.333343,3922.256366,5468.433322,156.281795,49060.066082,2520
74733.378004,0.057215,302217427.457382,3922.256366,5468.433322,155.263815,48544.794304,-363
74723.053111,0.057091,301987097.435116,3922.256366,5468.433322,155.016701,48399.956343,3874
74717.651690,0.057026,301710353.519478,3922.256366,4806.909714,154.583496,48231.005225,4030
74701.284271,0.056830,301325030.729849,3922.256366,5548.351197,155.489194,48704.705317,3325
74701.284271,0.056830,301325030.729849,3922.256366,5548.351197,155.489194,48704.705317,3325
74694.517414,0.056749,301292496.952519,3922.256366,5335.561076,154.974874,48408.976079,-2758
74672.058142,0.056479,300931203.918388,3922.256366,4867.708804,155.640213,48736.214974,4915
74672.282169,0.056482,300954167.176994,3922.256366,4882.017206,155.652721,48737.414683,-2443
74679.370319,0.056567,301032074.022719,3922.256366,4882.017206,154.985030,48414.070765,1105
74678.665777,0.056558,301002726.843217,3922.256366,5025.375707,155.250182,48564.274122,1912
74678.665777,0.056558,301002726.843217,3922.256366,5025.375707,155.250182,48564.274122,1912
74678.665777,0.056558,301002726.843217,3922.256366,5025.375707,155.250182,48564.274122,1912
74665.927363,0.056406,300708393.217640,3922.256366,4996.633867,154.906174,48333.938801,-785
74668.325865,0.056434,300720059.797631,3922.256366,5374.599892,154.757229,48280.700544,-3625
74668.325865,0.056434,300720059.797631,3922.256366,5374.599892,154.757229,48280.700544,-3625
74668.325865,0.056434,300720059.797631,3922.256366,5374.599892,154.757229,48280.700544,-3625
74668.325865,0.056434,300720059.797631,3922.256366,5374.599892,154.757229,48280.700544,-3625
74661.353446,0.056351,300626375.791372,3922.256366,5374.599892,154.990388,48383.381796,-2764
74656.981724,0.056298,300587582.367067,3922.256366,5109.008710,155.018854,48420.076859,321
74656.981724,0.056298,300587582.367067,3922.256366,5109.008710,155.018854,48420.076859,321
74655.602833,0.056282,300573555.954211,3922.256366,4266.023676,155.156583,48532.504386,-2278
74655.602833,0.056282,300573555.954211,3922.256366,4266.023676,155.156583,48532.504386,-2278
74655.602833,0.056282,300573555.954211,3922.256366,4266.023676,155.156583,48532.504386,-2278
74655.602833,0.056282,300573555.954211,3922.256366,4266.023676,155.156583,48532.504386,-2278
74655.602833,0.056282,300573555.954211,3922.256366,4266.023676,155.156583,48532.504386,-2278
74655.602833,0.056282,300573555.954211,3922.256366,4266.023676,155.156583,48532.504386,-2278
74655.602833,0.056282,300573555.954211,3922.256366,4266.023676,155.156583,48532.504386,-2278
74655.071219,0.056275,300568477.798752,3922.256366,4266.023676,155.313101,48599.065557,-2714
74655.429778,0.056280,300567455.983874,3922.256366,5196.511811,155.079288,48485.196700,-5033
74655.429778,0.056280,300567455.983874,3922.256366,5196.511811,155.079288,48485.196700,-5033
74655.429778,0.056280,300567455.983874,3922.256366,5196.511811,155.079288,48485.196700,-5033
74655.155655,0.056276,300564358.767539,3922.256366,5087.733680,155.033286,48470.044460,-2761
74655.155655,0.056276,300564358.767539,3922.256366,5087.733680,155.033286,48470.044460,-2761
74655.155655,0.056276,300564358.767539,3922.256366,5087.733680,155.033286,48470.044460,-2761
74654.991957,0.056274,300562405.762541,3922.256366,5087.733680,154.866022,48379.647828,-3794
74654.993039,0.056274,300561970.119865,3922.256366,5196.511811,154.887177,48391.208137,-2090
74654.993039,0.056274,300561970.119865,3922.256366,5196.511811,154.887177,48391.208137,-2090
74654.993039,0.056274,300561970.119865,3922.256366,5196.511811,154.887177,48391.208137,-2090
74654.561800,0.056269,300560361.943977,3922.256366,5087.733680,154.866022,48379.647828,-909
74654.561800,0.056269,300560361.943977,3922.256366,5087.733680,154.866022,48379.647828,-909
74654.561800,0.056269,300560361.943977,3922.256366,5087.733680,154.866022,48379.647828,-909
74654.561800,0.056269,300560361.943977,3922.256366,5087.733680,154.866022,48379.647828,-909
74657.701544,0.056307,301452415.668647,3873.519072,5087.733680,154.041030,47982.172554,-4285
74657.701544,0.056307,301452415.668647,3873.519072,5087.733680,154.176842,48049.669250,-4185
74655.978517,0.056286,300262186.532919,3873.519072,5087.733680,154.603280,48231.820078,-140
74655.978517,0.056286,300262186.532919,3873.519072,5087.733680,154.724234,48286.672602,-558
74668.716630,0.056439,303142267.237987,3873.519072,5087.733680,155.504386,48696.716778,-6759
74668.356014,0.056435,302821629.134816,3873.519072,5087.733680,155.585144,48719.977668,-7242
74674.139754,0.056504,304394104.820211,3873.519072,5087.733680,155.403294,48658.132609,-5656
74683.968698,0.056622,305661663.346013,3873.519072,5087.733680,154.915530,48436.691175,-1861
74683.968698,0.056622,305661663.346013,3873.519072,5087.733680,155.008297,48481.636482,-2550
74684.578579,0.056629,305802869.415200,3873.519072,5087.733680,155.073360,48555.600923,3141
74699.184365,0.056805,308654319.758160,3873.519072,5087.733680,155.048453,48539.981613,-2139
74703.757089,0.056860,309580037.363090,3873.519072,5087.733680,154.889047,48449.702228,3845
74712.971626,0.056970,311647373.925109,3873.519072,5087.733680,154.594489,48297.378386,1467
74714.247721,0.056985,311894515.056829,3873.519072,5087.733680,154.902182,48431.488579,-4662
74673.453517,0.056496,301979028.285901,3873.519072,5087.733680,155.690040,48842.322252,2093
74668.963726,0.056442,301038745.792884,3873.519072,5087.733680,154.924842,48413.533108,2559
74669.669383,0.056450,301250522.097987,3873.519072,5087.733680,154.731935,48339.502221,4279
74675.919121,0.056525,301024688.361701,3873.519072,5087.733680,154.821664,48364.385223,5143
74687.107655,0.056660,302277089.652844,3873.519072,5087.733680,154.691453,48337.737297,-2095
74684.719075,0.056631,302025560.017453,3873.519072,5087.733680,154.555815,48250.274932,3041
74683.144409,0.056612,301290188.119925,3873.519072,5087.733680,154.992585,48444.277278,-1023
74661.964366,0.056358,297478284.865689,3873.519072,5087.733680,154.952954,48445.501515,2307
74661.297558,0.056350,297321133.512372,3873.519072,5087.733680,154.781987,48387.994482,3605
74668.017860,0.056431,297806644.600963,3873.519072,5087.733680,154.822326,48385.128552,6230
74678.769138,0.056560,299008768.517334,3873.519072,5087.733680,154.968400,48498.164357,762
74694.208067,0.056745,300266471.453273,3873.519072,5087.733680,154.439964,48202.786787,-508
74705.201342,0.056877,301119894.837436,3873.519072,5087.733680,154.812422,48396.003978,392
74701.443630,0.056832,300684882.449148,3873.519072,5087.733680,154.818933,48423.553153,3964
74683.261059,0.056614,299558421.464724,3873.519072,5087.733680,154.880273,48414.654310,4982
74696.322018,0.056770,300079648.711818,3873.519072,5087.733680,155.162139,48566.366809,1725
74702.330226,0.056842,299927984.229224,3873.519072,5087.733680,154.848719,48396.229853,2452
74698.146737,0.056792,298355611.549539,3873.519072,5087.733680,154.890957,48422.445405,342
74681.427521,0.056592,296749319.146138,3873.519072,5087.733680,155.205135,48565.190250,-1093
74673.577161,0.056497,296041450.686893,3873.519072,5087.733680,154.175696,48062.057415,1158
74676.687934,0.056535,296450874.022610,3873.519072,5087.733680,154.728912,48325.411545,3446
74675.508270,0.056521,296268637.916946,3873.519072,5087.733680,154.342612,48101.196815,5801
74670.758420,0.056464,295393115.258894,3873.519072,5087.733680,155.069610,48540.130222,3858
74662.100608,0.056360,294626949.334317,3873.519072,5087.733680,153.549527,47742.025837,5977
74670.812807,0.056464,294723322.321315,3873.519072,5087.733680,154.168872,48049.795223,2418
74676.570068,0.056533,294918354.265717,3873.519072,5087.733680,153.721828,47791.971020,-2247
74676.430894,0.056532,294918055.887530,3873.519072,5087.733680,153.648272,47759.224742,-2388
74676.430894,0.056532,294918055.887530,3873.519072,5087.733680,153.843667,47842.551500,-2247
74676.430894,0.056532,294918055.887530,3873.519072,5087.733680,153.749327,47788.064085,-1363
74676.430894,0.056532,294918055.887530,3873.519072,5087.733680,153.846039,47838.153267,-1376
74674.007302,0.056503,294647946.420157,3873.519072,5087.733680,154.117353,47982.593604,1013
74674.007302,0.056503,294647946.420157,3873.519072,5087.733680,154.273259,48051.932500,1399
74681.705537,0.056595,294686705.000008,3873.519072,5087.733680,154.228975,48039.070526,7481
74678.158781,0.056552,294140096.437944,3873.519072,5087.733680,154.011075,47911.199181,145
74661.085617,0.056347,293184407.343422,3873.519072,5087.733680,153.947515,47891.149934,5341
74659.710144,0.056331,293111890.321101,3873.519072,5087.733680,154.083450,47905.481774,4730
74655.106400,0.056276,292868195.730503,3873.519072,5087.733680,154.041949,47913.670502,-458
74666.435325,0.056412,293090331.432203,3873.519072,5087.733680,153.922781,47827.090482,4317
74680.095662,0.056576,293278385.607214,3873.519072,5087.733680,154.202921,48018.425703,8557
74681.207571,0.056589,293260235.248299,3873.519072,5087.733680,154.184928,47974.738113,1816
74694.964717,0.056754,293543294.782291,3873.519072,5087.733680,153.572026,47706.415722,7567
74681.037763,0.056587,293068773.924538,3873.519072,5087.733680,154.526368,48172.237606,941
74694.583140,0.056749,293231581.545203,3873.519072,5087.733680,154.621756,48175.352484,6903
74696.002437,0.056767,293371064.606252,3873.519072,5087.733680,154.079266,47901.664293,7260
74707.506555,0.056905,293456045.027925,3873.519072,5087.733680,154.753931,48278.248104,1959
74660.340973,0.056339,292398815.226878,3873.519072,4397.924738,154.554199,48143.934322,4693
74643.533758,0.056137,292007600.607953,3873.519072,5426.376415,153.950980,47891.250746,8861
74643.533758,0.056137,292007600.607953,3873.519072,5426.376415,153.950980,47891.250746,8861
74645.123164,0.056156,292028959.307844,3873.519072,5105.503501,153.934856,47879.467478,5849
74645.743485,0.056163,292005332.584799,3873.519072,4859.017082,154.008394,47940.637814,10441
74629.192352,0.055965,291653446.010054,3873.519072,4770.945085,153.824501,47808.627966,11349
74629.192352,0.055965,291653446.010054,3873.519072,4770.945085,153.824501,47808.627966,11349
74625.205846,0.055917,291578748.108410,3873.519072,4770.945085,154.462835,48144.999221,12390
74605.402442,0.055679,291305817.240551,3873.519072,4955.260134,153.070396,47440.608881,11230
74605.402442,0.055679,291305817.240551,3873.519072,4955.260134,153.070396,47440.608881,11230
74601.926326,0.055637,291257453.554620,3873.519072,4955.260134,153.209543,47495.872694,11198
74599.355198,0.055607,291225072.697757,3873.519072,5080.656355,153.279453,47513.922844,11200
74599.355198,0.055607,291225072.697757,3873.519072,5080.656355,153.279453,47513.922844,11200
74599.355198,0.055607,291225072.697757,3873.519072,5080.656355,153.279453,47513.922844,11200
74599.355198,0.055607,291225072.697757,3873.519072,5080.656355,153.279453,47513.922844,11200
74594.574686,0.055549,291123202.909273,3873.519072,4747.082999,153.572556,47662.714316,13173
74594.574686,0.055549,291123202.909273,3873.519072,4747.082999,153.572556,47662.714316,13173
74594.574686,0.055549,291123202.909273,3873.519072,4747.082999,153.572556,47662.714316,13173
74594.574686,0.055549,291123202.909273,3873.519072,4747.082999,153.572556,47662.714316,13173
74594.574686,0.055549,291123202.909273,3873.519072,4747.082999,153.572556,47662.714316,13173
74594.574686,0.055549,291123202.909273,3873.519072,4747.082999,153.572556,47662.714316,13173
74594.574686,0.055549,291123202.909273,3873.519072,4747.082999,153.572556,47662.714316,13173
74594.574686,0.055549,291123202.909273,3873.519072,4747.082999,153.572556,47662.714316,13173
74594.574686,0.055549,291123202.909273,3873.519072,4747.082999,153.572556,47662.714316,13173
74594.574686,0.055549,291123202.909273,3873.519072,4747.082999,153.572556,47662.714316,13173
74590.971144,0.055506,291100251.838525,3873.519072,4747.082999,153.589375,47671.570291,14251
74589.926470,0.055493,291084127.416679,3873.519072,4868.323531,154.019282,47869.764727,15428
74589.926470,0.055493,291084127.416679,3873.519072,4868.323531,154.019282,47869.764727,15428
74589.926470,0.055493,291084127.416679,3873.519072,4868.323531,154.019282,47869.764727,15428
74589.926470,0.055493,291084127.416679,3873.519072,4868.323531,154.019282,47869.764727,15428
74589.926470,0.055493,291084127.416679,3873.519072,4868.323531,154.019282,47869.764727,15428
74589.926470,0.055493,291084127.416679,3873.519072,4868.323531,154.019282,47869.764727,15428
74589.926470,0.055493,291084127.416679,3873.519072,4868.323531,154.019282,47869.764727,15428
74589.926470,0.055493,291084127.416679,3873.519072,4868.323531,154.019282,47869.764727,15428
74589.926470,0.055493,291084127.416679,3873.519072,4868.323531,154.019282,47869.764727,15428
74589.926470,0.055493,291084127.416679,3873.519072,4868.323531,154.019282,47869.764727,15428
74589.926470,0.055493,291084127.416679,3873.519072,4868.323531,154.019282,47869.764727,15428
74589.926470,0.055493,291084127.416679,3873.519072,4868.323531,154.019282,47869.764727,15428
74589.926470,0.055493,291084127.416679,3873.519072,4868.323531,154.019282,47869.764727,15428
74589.926470,0.055493,291084127.416679,3873.519072,4868.323531,154.019282,47869.764727,15428
74601.780344,0.055636,294691491.683049,3814.173698,4868.323531,153.317457,47535.117881,20477
74619.057173,0.055843,299407873.363410,3814.173698,4868.323531,153.141699,47476.126274,17478
74623.519627,0.055897,300584032.899296,3814.173698,4868.323531,153.460734,47639.458939,8640
74616.090570,0.055807,298366039.009520,3814.173698,4868.323531,153.828464,47835.389389,12193
74613.739737,0.055779,296992345.576192,3814.173698,4868.323531,153.271387,47581.118514,13712
74619.000640,0.055842,298190791.785511,3814.173698,4868.323531,153.755497,47817.492155,10520
74623.287662,0.055894,298418363.696222,3814.173698,4868.323531,153.870241,47857.886226,12575
74622.301279,0.055882,297813475.321972,3814.173698,4868.323531,153.891837,47856.109976,6392
74622.301279,0.055882,297813475.321972,3814.173698,4868.323531,153.775995,47804.279170,6647
74624.799248,0.055912,298904520.556376,3814.173698,4868.323531,154.216040,48068.339903,9879
74625.349527,0.055919,298027590.945457,3814.173698,4868.323531,154.021525,47916.340689,7303
74631.791118,0.055996,298722211.983053,3814.173698,4868.323531,153.851583,47893.212181,11184
74640.796428,0.056104,300549807.456944,3814.173698,4868.323531,153.381891,47656.844661,4426
74637.235036,0.056061,298790238.893905,3814.173698,4868.323531,154.309571,48104.369770,14371
74635.992753,0.056046,297756608.641414,3814.173698,4868.323531,153.768599,47841.973350,11126
74635.992753,0.056046,297756608.641414,3814.173698,4868.323531,153.697792,47809.155692,10850
74633.105578,0.056012,297028990.776454,3814.173698,4868.323531,153.812412,47819.174575,5473
74635.449758,0.056040,297034218.201394,3814.173698,4868.323531,154.118811,48001.492154,8855
74650.007828,0.056215,298629765.956988,3814.173698,4868.323531,153.408885,47660.390819,9258
74652.769002,0.056248,298336250.236256,3814.173698,4868.323531,153.479569,47688.908574,7663
74655.611452,0.056282,298647014.007416,3814.173698,4868.323531,154.428211,48157.082636,756
74652.582921,0.056245,298475162.169022,3814.173698,4868.323531,154.126282,47987.556710,2362
74636.552031,0.056053,296003792.883923,3814.173698,4868.323531,153.829825,47846.389341,-596
74626.760465,0.055936,294109341.453125,3814.173698,4868.323531,154.538257,48207.430724,8105
74641.475002,0.056112,295092447.311229,3814.173698,4868.323531,154.393875,48115.937162,4266
74655.878900,0.056285,296182225.824697,3814.173698,4868.323531,154.688806,48243.206703,4828
74652.150777,0.056240,295507361.576785,3814.173698,4868.323531,154.068797,47912.459371,5344
74644.012303,0.056143,294290621.880277,3814.173698,4868.323531,154.248026,48007.660118,2150
74654.234159,0.056265,294563053.300606,3814.173698,4868.323531,154.328440,48059.180195,6524
74654.289038,0.056266,294041933.565629,3814.173698,4868.323531,154.825961,48316.667021,7035
74645.539933,0.056161,292761086.428631,3814.173698,4868.323531,154.701862,48282.007425,5816
74647.940538,0.056190,293126808.131309,3814.173698,4868.323531,154.733402,48246.537617,38
74656.330728,0.056290,293734409.909496,3814.173698,4868.323531,154.752082,48305.313207,3861
74640.898913,0.056105,292542744.046369,3814.173698,4868.323531,154.771181,48269.342952,-1657
74641.586746,0.056113,291970510.930495,3814.173698,4868.323531,153.898561,47813.175977,894
74643.276170,0.056134,292049456.058880,3814.173698,4868.323531,154.207185,47968.597749,1545
74648.901020,0.056201,291764925.313614,3814.173698,4868.323531,154.138854,47957.878717,3742
74625.718329,0.055923,290090256.136551,3814.173698,4868.323531,154.166515,48002.388232,1991
74631.131765,0.055988,290169548.719144,3814.173698,4868.323531,154.348411,48082.407552,6909
74621.309913,0.055870,289667884.227391,3814.173698,4868.323531,153.294573,47516.633603,3356
74621.434757,0.055872,289702249.453692,3814.173698,4868.323531,153.691431,47729.037734,-286
74621.434757,0.055872,289702249.453692,3814.173698,4868.323531,153.612892,47692.885413,166
74621.434757,0.055872,289702249.453692,3814.173698,4868.323531,153.616698,47694.668255,358
74621.434757,0.055872,289702249.453692,3814.173698,4868.323531,153.645739,47711.252981,-264
74608.334482,0.055714,288716729.326361,3814.173698,4868.323531,154.154298,47944.898811,890
74608.115629,0.055712,288705899.288259,3814.173698,4868.323531,154.205182,47970.732004,147
74612.987294,0.055770,288671837.040390,3814.173698,4868.323531,154.472169,48127.945697,2389
74625.132906,0.055916,288931004.013600,3814.173698,4868.323531,153.812336,47805.654781,4349
74604.179267,0.055665,288003421.579579,3814.173698,4868.323531,154.232214,48004.335929,2014
74607.256455,0.055701,288110328.897637,3814.173698,4868.323531,153.891744,47844.268978,763
74605.824869,0.055684,287985453.102156,3814.173698,4868.323531,153.661464,47718.748548,4232
74606.382767,0.055691,287891655.622177,3814.173698,4868.323531,153.523996,47655.303283,2149
74600.970932,0.055626,287593778.464770,3814.173698,4868.323531,153.599197,47679.597964,-1670
74595.570057,0.055561,287340350.767599,3814.173698,4868.323531,153.685075,47750.246984,-1330
74601.702890,0.055635,287375436.357753,3814.173698,4868.323531,153.489186,47658.802534,-1660
74608.676745,0.055718,287423546.258733,3814.173698,4868.323531,153.623297,47718.043967,-4843
74600.718778,0.055623,287222075.013357,3814.173698,4868.323531,153.398168,47609.923335,-501
74599.002358,0.055602,287143013.845074,3814.173698,4868.323531,153.424031,47626.945010,-9897
74610.524100,0.055741,287212237.567351,3814.173698,4868.323531,153.374312,47567.123499,-6140
74611.277001,0.055750,287143346.485903,3814.173698,4797.976865,153.782819,47777.698071,-4875
74619.211328,0.055845,287220344.576106,3814.173698,5044.482927,153.821800,47813.852919,-3519
74619.211328,0.055845,287220344.576106,3814.173698,5044.482927,153.821800,47813.852919,-3519
74605.617286,0.055682,287044909.817160,3814.173698,5058.661977,153.499859,47668.787513,-5510
74605.617286,0.055682,287044909.817160,3814.173698,5058.661977,153.499859,47668.787513,-5510
74602.244625,0.055641,286839916.519699,3814.173698,4880.828823,153.555814,47690.880449,-9103
74602.244625,0.055641,286839916.519699,3814.173698,4880.828823,153.555814,47690.880449,-9103
74551.073234,0.055027,285908988.437079,3814.173698,5058.661977,152.588178,47236.618931,-3663
74551.073234,0.055027,285908988.437079,3814.173698,5058.661977,152.588178,47236.618931,-3663
74551.073234,0.055027,285908988.437079,3814.173698,5058.661977,152.588178,47236.618931,-3663
74541.386322,0.054911,285796970.385382,3814.173698,5457.519125,153.190667,47523.516263,-3197
74541.827449,0.054916,285791453.995718,3814.173698,4898.424338,153.288417,47556.364800,-6118
74541.827449,0.054916,285791453.995718,3814.173698,4898.424338,153.288417,47556.364800,-6118
74541.827449,0.054916,285791453.995718,3814.173698,4898.424338,153.288417,47556.364800,-6118
74541.827449,0.054916,285791453.995718,3814.173698,4898.424338,153.288417,47556.364800,-6118
74531.218437,0.054789,285633728.260620,3814.173698,4406.727471,152.631394,47257.016156,-1371
74531.218437,0.054789,285633728.260620,3814.173698,4406.727471,152.631394,47257.016156,-1371
74531.218437,0.054789,285633728.260620,3814.173698,4406.727471,152.631394,47257.016156,-1371
74531.218437,0.054789,285633728.260620,3814.173698,4406.727471,152.631394,47257.016156,-1371
74531.218437,0.054789,285633728.260620,3814.173698,4406.727471,152.631394,47257.016156,-1371
74531.218437,0.054789,285633728.260620,3814.173698,4406.727471,152.631394,47257.016156,-1371
74531.218437,0.054789,285633728.260620,3814.173698,4406.727471,152.631394,47257.016156,-1371
74525.467542,0.054720,285572823.673370,3814.173698,4092.943928,152.436675,47208.217749,-4349
74525.467542,0.054720,285572823.673370,3814.173698,4092.943928,152.436675,47208.217749,-4349
74526.389249,0.054731,285576363.080520,3814.173698,4654.451847,153.137922,47539.328550,-5080
74526.389249,0.054731,285576363.080520,3814.173698,4654.451847,153.137922,47539.328550,-5080
74526.389249,0.054731,285576363.080520,3814.173698,4654.451847,153.137922,47539.328550,-5080
74526.389249,0.054731,285576363.080520,3814.173698,4654.451847,153.137922,47539.328550,-5080
74526.389249,0.054731,285576363.080520,3814.173698,4654.451847,153.137922,47539.328550,-5080
74526.389249,0.054731,285576363.080520,3814.173698,4654.451847,153.137922,47539.328550,-5080
74526.389249,0.054731,285576363.080520,3814.173698,4654.451847,153.137922,47539.328550,-5080
74526.389249,0.054731,285576363.080520,3814.173698,4654.451847,153.137922,47539.328550,-5080
74526.389249,0.054731,285576363.080520,3814.173698,4654.451847,153.137922,47539.328550,-5080
74526.389249,0.054731,285576363.080520,3814.173698,4654.451847,153.137922,47539.328550,-5080
74526.389249,0.054731,285576363.080520,3814.173698,4654.451847,153.137922,47539.328550,-5080
74526.389249,0.054731,285576363.080520,3814.173698,4654.451847,153.137922,47539.328550,-5080
74526.389249,0.054731,285576363.080520,3814.173698,4654.451847,153.137922,47539.328550,-5080
74526.389249,0.054731,285576363.080520,3814.173698,4654.451847,153.137922,47539.328550,-5080
74526.389249,0.054731,285576363.080520,3814.173698,4654.451847,153.137922,47539.328550,-5080
74526.389249,0.054731,285576363.080520,3814.173698,4654.451847,153.137922,47539.328550,-5080
74526.389249,0.054731,285576363.080520,3814.173698,4654.451847,153.137922,47539.328550,-5080
74526.088336,0.054727,285356065.990236,3814.173698,4654.451847,152.922468,47435.381889,-4669
74526.105336,0.054728,285356996.074413,3814.173698,4654.451847,152.897563,47414.632805,-3375
74534.179540,0.054824,287878707.259034,3814.173698,4654.451847,152.941715,47488.291841,-5769
74538.460400,0.054876,288957976.067982,3814.173698,4654.451847,152.493849,47311.789440,-2798
74551.611950,0.055034,291207872.227724,3814.173698,4654.451847,152.725093,47455.551172,-2012
74551.414673,0.055031,291165076.567289,3814.173698,4654.451847,152.719554,47452.947675,-2238
74551.318250,0.055030,291155389.710046,3814.173698,4654.451847,152.776952,47480.506737,-1690
74553.346557,0.055054,291955028.212994,3814.173698,4654.451847,152.665312,47390.872623,-3887
74555.713568,0.055083,291813484.718390,3814.173698,4654.451847,153.713244,47969.899135,-4017
74552.196425,0.055041,291535582.735921,3814.173698,4654.451847,152.154296,47198.889065,-6486
74553.215488,0.055053,291917412.293611,3814.173698,4654.451847,152.624562,47414.692006,3483
74562.014092,0.055158,293885321.705371,3814.173698,4654.451847,152.986975,47593.157050,124
74573.373705,0.055295,295990580.525777,3814.173698,4654.451847,152.998703,47592.072796,-2392
74572.431477,0.055284,295436399.635748,3814.173698,4654.451847,152.920551,47563.746972,3549
74570.729718,0.055263,294423815.892610,3814.173698,4654.451847,152.964208,47565.327866,-1611
74571.834646,0.055276,294965776.391300,3814.173698,4654.451847,153.228094,47754.242869,-2861
74576.749751,0.055335,293565733.575500,3814.173698,4654.451847,152.636505,47458.141009,541
74586.547851,0.055453,294791406.707325,3814.173698,4654.451847,152.653997,47501.561774,82
74596.945070,0.055578,295075589.652124,3814.173698,4654.451847,152.886362,47582.588097,-136
74595.870116,0.055565,295464821.467553,3814.173698,4654.451847,152.209633,47254.653242,904
74598.449018,0.055596,294809853.418585,3814.173698,4654.451847,152.348578,47310.627622,-6912
74602.962661,0.055650,295765852.617218,3814.173698,4654.451847,152.515046,47414.365661,-5118
74592.975183,0.055530,293506422.632032,3814.173698,4654.451847,153.043580,47630.522850,-5013
74586.640152,0.055454,291939904.973390,3814.173698,4654.451847,152.648806,47468.374482,-3495
74577.446930,0.055344,290375047.323148,3814.173698,4654.451847,153.043152,47628.336471,1794
74579.253812,0.055365,290115242.623133,3814.173698,4654.451847,153.294562,47756.250732,-5117
74583.808344,0.055420,289840855.586693,3814.173698,4654.451847,152.946368,47587.979659,-5952
74588.627516,0.055478,289994809.216678,3814.173698,4654.451847,153.473229,47790.976167,-1206
74591.741032,0.055515,289997821.699628,3814.173698,4654.451847,152.867776,47496.816546,-4865
74599.831032,0.055612,290313125.073068,3814.173698,4654.451847,152.851145,47516.067419,-1817
74607.295287,0.055702,290570455.827939,3814.173698,4654.451847,152.828078,47459.524334,-804
74613.582629,0.055777,290567295.949682,3814.173698,4654.451847,153.246398,47704.447424,1114
74615.730855,0.055803,290459882.115364,3814.173698,4654.451847,153.917455,48017.616184,-4567
74623.218174,0.055893,290456628.487712,3814.173698,4654.451847,153.480573,47797.634136,-1260
74633.608142,0.056018,290946489.708565,3814.173698,4654.451847,153.350611,47743.942338,-8009
74593.536881,0.055537,287693898.775503,3814.173698,4654.451847,152.634883,47368.585951,-490
74609.599936,0.055730,288310626.586721,3814.173698,4654.451847,152.596163,47348.096255,-549
74621.703293,0.055875,288448718.963247,3814.173698,4654.451847,152.735557,47426.691841,4445
74612.781155,0.055768,287902250.685550,3814.173698,4654.451847,152.864663,47497.949050,754
74631.211322,0.055989,288509323.125585,3814.173698,4654.451847,153.514645,47789.133022,5106
74631.211322,0.055989,288509323.125585,3814.173698,4654.451847,153.535240,47800.004100,5678
74631.211322,0.055989,288509323.125585,3814.173698,4654.451847,153.632882,47852.315660,5716
74631.211322,0.055989,288509323.125585,3814.173698,4654.451847,153.484300,47780.566730,6053
74631.211322,0.055989,288509323.125585,3814.173698,4654.451847,153.432927,47756.479623,7145
74631.211322,0.055989,288509323.125585,3814.173698,4654.451847,153.367768,47721.472138,7655
74631.211322,0.055989,288509323.125585,3814.173698,4654.451847,153.315087,47697.570923,7107
74631.211322,0.055989,288509323.125585,3814.173698,4654.451847,153.138842,47614.080428,6791
74631.211322,0.055989,288509323.125585,3814.173698,4654.451847,153.164504,47626.841277,6074
74632.030071,0.055999,288298958.638723,3814.173698,4654.451847,152.970412,47536.753097,3062
74635.825428,0.056044,288124329.890060,3814.173698,4654.451847,151.686270,46895.131496,3346
74635.825428,0.056044,288124329.890060,3814.173698,4654.451847,151.665964,46884.247067,1882
74635.825428,0.056044,288124329.890060,3814.173698,4654.451847,151.567514,46819.860903,2912
74635.825428,0.056044,288124329.890060,3814.173698,4654.451847,151.731321,46894.541484,3273
74635.825428,0.056044,288124329.890060,3814.173698,4654.451847,151.968866,46991.889077,3036
74630.341829,0.055978,287808832.635708,3814.173698,4654.451847,152.210841,47173.000276,8442
74630.341829,0.055978,287808832.635708,3814.173698,4654.451847,152.246314,47194.776205,8030
74630.341829,0.055978,287808832.635708,3814.173698,4654.451847,152.252559,47197.960051,8394
74630.341829,0.055978,287808832.635708,3814.173698,4654.451847,152.087490,47123.793035,7597
74630.341829,0.055978,287808832.635708,3814.173698,4605.663796,152.076953,47118.999215,7742
74630.341829,0.055978,287808832.635708,3814.173698,4605.663796,152.076953,47118.999215,7742
74630.341829,0.055978,287808832.635708,3814.173698,4605.663796,152.076953,47118.999215,7742
74639.171036,0.056084,287876952.416833,3814.173698,4133.905659,152.130619,47134.776980,3212
74639.171036,0.056084,287876952.416833,3814.173698,4133.905659,152.130619,47134.776980,3212
74637.335956,0.056062,287689953.759586,3814.173698,4133.905659,152.204379,47161.980472,-6582
74637.335956,0.056062,287689953.759586,3814.173698,4133.905659,152.204379,47161.980472,-6582
74629.674905,0.055970,287529259.529399,3814.173698,4133.905659,152.369014,47224.894748,-5126
74632.363168,0.056003,287538754.834337,3814.173698,5023.820857,151.801959,46920.970962,94
74632.363168,0.056003,287538754.834337,3814.173698,5023.820857,151.801959,46920.970962,94
74632.363168,0.056003,287538754.834337,3814.173698,5023.820857,151.801959,46920.970962,94
74634.659480,0.056030,287547138.338192,3814.173698,4133.905659,151.941863,46972.364258,-3220
74634.659480,0.056030,287547138.338192,3814.173698,4133.905659,151.941863,46972.364258,-3220
74634.659480,0.056030,287547138.338192,3814.173698,4133.905659,151.941863,46972.364258,-3220
74633.716778,0.056019,287537950.705901,3814.173698,4133.905659,152.151175,47109.937317,964
74633.716778,0.056019,287537950.705901,3814.173698,4133.905659,152.151175,47109.937317,964
74633.716778,0.056019,287537950.705901,3814.173698,4133.905659,152.151175,47109.937317,964
74633.716778,0.056019,287537950.705901,3814.173698,4133.905659,152.151175,47109.937317,964
74633.716778,0.056019,287537950.705901,3814.173698,4133.905659,152.151175,47109.937317,964
74633.716778,0.056019,287537950.705901,3814.173698,4133.905659,152.151175,47109.937317,964
74633.716778,0.056019,287537950.705901,3814.173698,4133.905659,152.151175,47109.937317,964
74633.716778,0.056019,287537950.705901,3814.173698,4133.905659,152.151175,47109.937317,964
74633.716778,0.056019,287537950.705901,3814.173698,4133.905659,152.151175,47109.937317,964
74633.716778,0.056019,287537950.705901,3814.173698,4133.905659,152.151175,47109.937317,964
74633.409922,0.056015,287531952.631745,3814.173698,4133.905659,152.215855,47142.449247,1009
74633.409922,0.056015,287531952.631745,3814.173698,4133.905659,152.215855,47142.449247,1009
74633.409922,0.056015,287531952.631745,3814.173698,4133.905659,152.215855,47142.449247,1009
74633.409922,0.056015,287531952.631745,3814.173698,4133.905659,152.215855,47142.449247,1009
74633.409922,0.056015,287531952.631745,3814.173698,4133.905659,152.215855,47142.449247,1009
74632.702986,0.056007,287528695.728964,3814.173698,4133.905659,152.048680,47063.652939,257
74632.702986,0.056007,287528695.728964,3814.173698,4133.905659,152.048680,47063.652939,257
74632.702986,0.056007,287528695.728964,3814.173698,4133.905659,152.048680,47063.652939,257
74632.702986,0.056007,287528695.728964,3814.173698,4133.905659,152.048680,47063.652939,257
74632.200797,0.056001,287524770.287993,3814.173698,4133.905659,152.060027,47070.389535,-173
74632.200797,0.056001,287524770.287993,3814.173698,4133.905659,152.060027,47070.389535,-173
74632.200797,0.056001,287524770.287993,3814.173698,4133.905659,152.060027,47070.389535,-173
74632.200797,0.056001,287524770.287993,3814.173698,4133.905659,152.060027,47070.389535,-173
74632.200797,0.056001,287524770.287993,3814.173698,4133.905659,152.060027,47070.389535,-173
74632.200797,0.056001,287524770.287993,3814.173698,4133.905659,152.060027,47070.389535,-173
74632.200797,0.056001,287524770.287993,3814.173698,4133.905659,152.060027,47070.389535,-173
74632.163234,0.056000,287571737.171151,3546.463027,4133.905659,151.971811,47033.585171,-2411
74632.253929,0.056001,287803334.833819,3546.463027,4133.905659,151.692513,46953.302514,2873
74633.720695,0.056019,288645919.741577,3546.463027,4133.905659,151.828932,47020.998809,1686
74634.144825,0.056024,288936770.081582,3546.463027,4133.905659,152.501126,47336.333783,-40
74634.252346,0.056025,289166664.660853,3546.463027,4133.905659,152.271526,47213.339566,-585
74639.500669,0.056088,290411414.374737,3546.463027,4133.905659,152.021706,47091.926994,-11409
74648.284642,0.056194,292454408.438443,3546.463027,4133.905659,151.949323,47023.399962,-3659
74658.411710,0.056315,294956316.652073,3546.463027,4133.905659,152.481566,47313.087397,-2805
74657.281713,0.056302,295121219.324726,3546.463027,4133.905659,152.673754,47419.138404,-7057
74654.555980,0.056269,293939053.342588,3546.463027,4133.905659,152.137996,47140.355493,-4214
74656.824491,0.056296,294038722.790971,3546.463027,4133.905659,152.467765,47246.031939,1244
74664.860346,0.056393,294585983.511636,3546.463027,4133.905659,152.100155,47054.983296,-2668
74673.802135,0.056500,296203386.900893,3546.463027,4133.905659,152.416129,47251.659167,-4564
74690.392456,0.056699,298169658.143883,3546.463027,4133.905659,153.077993,47587.240496,1166
74686.732516,0.056655,297887011.483411,3546.463027,4133.905659,152.945356,47533.845100,-3353
74700.564448,0.056821,299951270.350709,3546.463027,4133.905659,152.807965,47426.751280,-5023
74713.869139,0.056981,301275687.441534,3546.463027,4133.905659,152.390952,47240.429867,385
74716.730843,0.057015,300960362.346130,3546.463027,4133.905659,152.037704,47091.936242,-4166
74730.088901,0.057176,302536741.789072,3546.463027,4133.905659,152.387769,47271.868717,503
74726.533646,0.057133,301982575.988122,3546.463027,4133.905659,153.206383,47682.807635,-6703
74721.449857,0.057072,300518125.210823,3546.463027,4133.905659,152.597511,47402.508267,-3595
74717.054339,0.057019,299679438.545129,3546.463027,4133.905659,153.943249,48002.140806,-2302
74727.652770,0.057146,300467291.000757,3546.463027,4133.905659,153.195337,47609.521012,1075
74733.599733,0.057218,300836389.755899,3546.463027,4133.905659,153.402517,47734.874934,-1280
74737.436236,0.057264,300755841.247418,3546.463027,4133.905659,152.804543,47484.432028,-6537
74724.592288,0.057110,298357644.102808,3546.463027,4133.905659,152.677051,47424.738144,-4725
74721.918237,0.057078,297997137.755133,3546.463027,4133.905659,152.632286,47372.058832,-2080
74719.632684,0.057050,297591742.077699,3546.463027,4133.905659,151.843788,47054.013017,-7449
74721.669423,0.057075,297576830.837823,3546.463027,4133.905659,152.298902,47251.486284,-5883
74724.749495,0.057112,297818275.550337,3546.463027,4133.905659,152.104594,47116.691108,-4951
74731.791967,0.057196,298407208.012157,3546.463027,4133.905659,152.641424,47459.697407,-1601
74733.990429,0.057222,298408296.440114,3546.463027,4133.905659,152.576137,47395.163255,-4434
74702.074603,0.056839,294942333.415023,3546.463027,4133.905659,152.055133,47077.896735,-6109
74705.541718,0.056881,295131086.459888,3546.463027,4133.905659,152.608411,47382.029948,-1784
74692.026664,0.056719,294510603.606582,3546.463027,4133.905659,152.229580,47191.174238,-3654
74685.825893,0.056644,293914125.086350,3546.463027,4133.905659,151.883366,47014.924003,-1021
74688.777739,0.056680,294209926.469024,3546.463027,4133.905659,152.823953,47492.968216,-2689
74693.086902,0.056732,294319421.458201,3546.463027,4133.905659,152.690353,47438.070239,609
74685.791902,0.056644,293528383.301678,3546.463027,4133.905659,152.372725,47248.053388,-4272
74688.139439,0.056672,293418674.418562,3546.463027,4133.905659,152.546321,47292.925602,4220
74708.899286,0.056921,294156237.637935,3546.463027,4133.905659,153.198547,47633.910411,3872
74708.899286,0.056921,294156237.637935,3546.463027,4133.905659,153.217303,47643.523831,5404
74708.899286,0.056921,294156237.637935,3546.463027,4133.905659,153.189696,47630.228931,4870
74708.899286,0.056921,294156237.637935,3546.463027,4133.905659,153.138994,47606.078772,4958
74694.291820,0.056746,293093734.423623,3546.463027,4133.905659,152.933487,47534.363360,-1314
74694.291820,0.056746,293093734.423623,3546.463027,4133.905659,152.939418,47537.501828,-367
74701.852740,0.056837,292929417.054598,3546.463027,4133.905659,152.375881,47255.837005,-2055
74701.852740,0.056837,292929417.054598,3546.463027,4133.905659,152.399694,47267.767770,-2226
74701.852740,0.056837,292929417.054598,3546.463027,4133.905659,152.438002,47286.710226,-3209
74701.852740,0.056837,292929417.054598,3546.463027,4133.905659,152.497209,47317.491037,-4553
74701.852740,0.056837,292929417.054598,3546.463027,4133.905659,152.326394,47214.777274,-3057
74701.852740,0.056837,292929417.054598,3546.463027,4133.905659,152.296782,47196.334053,-1685
74701.852740,0.056837,292929417.054598,3546.463027,4133.905659,152.262952,47178.951228,-1251
74701.852740,0.056837,292929417.054598,3546.463027,4133.905659,152.254749,47174.964335,-1013
74701.852740,0.056837,292929417.054598,3546.463027,4133.905659,152.240341,47166.893252,1
74701.852740,0.056837,292929417.054598,3546.463027,4133.905659,152.295765,47188.916474,-182
74701.852740,0.056837,292929417.054598,3546.463027,4133.905659,152.305872,47193.439608,170
74701.852740,0.056837,292929417.054598,3546.463027,4133.905659,152.382454,47227.588706,-319
74701.852740,0.056837,292929417.054598,3546.463027,4133.905659,152.261924,47158.059841,768
74701.852740,0.056837,292929417.054598,3546.463027,5311.706129,152.512614,47275.867565,1735
74701.852740,0.056837,292929417.054598,3546.463027,5311.706129,152.512614,47275.867565,1735
74701.852740,0.056837,292929417.054598,3546.463027,5311.706129,152.512614,47275.867565,1735
74710.536353,0.056941,292989883.266293,3546.463027,4817.845680,152.436497,47221.347132,-3004
74710.536353,0.056941,292989883.266293,3546.463027,4817.845680,152.436497,47221.347132,-3004
74719.477746,0.057048,293035656.977778,3546.463027,5235.500645,152.482246,47264.641700,-1047
74719.477746,0.057048,293035656.977778,3546.463027,5235.500645,152.482246,47264.641700,-1047
74721.734423,0.057075,293038882.426627,3546.463027,5242.334022,152.234678,47102.317363,-4152
74721.734423,0.057075,293038882.426627,3546.463027,5242.334022,152.234678,47102.317363,-4152
74721.734423,0.057075,293038882.426627,3546.463027,5242.334022,152.234678,47102.317363,-4152
74708.397517,0.056915,292033881.836504,3546.463027,4796.816653,152.197852,47082.861744,-6585
74703.254825,0.056854,291909801.942497,3546.463027,4181.613684,152.217095,47142.544872,-1506
74703.254825,0.056854,291909801.942497,3546.463027,4181.613684,152.217095,47142.544872,-1506
74703.254825,0.056854,291909801.942497,3546.463027,4181.613684,152.217095,47142.544872,-1506
74703.254825,0.056854,291909801.942497,3546.463027,4181.613684,152.217095,47142.544872,-1506
74699.247031,0.056805,291832272.540871,3546.463027,4181.613684,152.217922,47103.154236,-2210
74699.247031,0.056805,291832272.540871,3546.463027,4181.613684,152.217922,47103.154236,-2210
74699.247031,0.056805,291832272.540871,3546.463027,4181.613684,152.217922,47103.154236,-2210
74699.247031,0.056805,291832272.540871,3546.463027,4181.613684,152.217922,47103.154236,-2210
74699.247031,0.056805,291832272.540871,3546.463027,4181.613684,152.217922,47103.154236,-2210
74699.247031,0.056805,291832272.540871,3546.463027,4181.613684,152.217922,47103.154236,-2210
74699.247031,0.056805,291832272.540871,3546.463027,4181.613684,152.217922,47103.154236,-2210
74693.672929,0.056739,291759342.086444,3546.463027,4181.613684,151.831208,46913.740173,-1286
74693.672929,0.056739,291759342.086444,3546.463027,4181.613684,151.831208,46913.740173,-1286
74693.258712,0.056734,291754432.088543,3546.463027,5151.331381,152.186957,47082.321534,-1377
74693.258712,0.056734,291754432.088543,3546.463027,5151.331381,152.186957,47082.321534,-1377
74693.258712,0.056734,291754432.088543,3546.463027,5151.331381,152.186957,47082.321534,-1377
74693.258712,0.056734,291754432.088543,3546.463027,5151.331381,152.186957,47082.321534,-1377
74693.258712,0.056734,291754432.088543,3546.463027,5151.331381,152.186957,47082.321534,-1377
74693.258712,0.056734,291754432.088543,3546.463027,5151.331381,152.186957,47082.321534,-1377
74693.258712,0.056734,291754432.088543,3546.463027,5151.331381,152.186957,47082.321534,-1377
74692.477524,0.056724,291753318.183310,3546.463027,5151.331381,152.359714,47170.215539,1391
74692.220504,0.056721,291751317.278217,3546.463027,4562.385999,151.989349,46978.998169,-904
74692.220504,0.056721,291751317.278217,3546.463027,4562.385999,151.989349,46978.998169,-904
74692.145576,0.056720,291750372.826531,3546.463027,5151.331381,152.105252,47039.186823,-1525
74692.145576,0.056720,291750372.826531,3546.463027,5151.331381,152.105252,47039.186823,-1525
74692.145576,0.056720,291750372.826531,3546.463027,5151.331381,152.105252,47039.186823,-1525
74692.145576,0.056720,291750372.826531,3546.463027,5151.331381,152.105252,47039.186823,-1525
74692.145576,0.056720,291750372.826531,3546.463027,5151.331381,152.105252,47039.186823,-1525
74692.145576,0.056720,291750372.826531,3546.463027,5151.331381,152.105252,47039.186823,-1525
74692.145576,0.056720,291750372.826531,3546.463027,5151.331381,152.105252,47039.186823,-1525
74692.145576,0.056720,291750372.826531,3546.463027,5151.331381,152.105252,47039.186823,-1525
74690.127970,0.056696,290902580.403769,3546.463027,5151.331381,152.266274,47108.668173,231
74690.127970,0.056696,290902580.403769,3546.463027,5151.331381,152.250150,47099.935775,711
74690.032886,0.056695,290915115.546256,3546.463027,5151.331381,152.318440,47123.685074,610
74690.032886,0.056695,290915115.546256,3546.463027,5151.331381,152.318440,47123.685074,610
74690.487908,0.056700,291052795.019920,3546.463027,5151.331381,152.629543,47282.901148,-3322
74690.487908,0.056700,291052795.019920,3546.463027,5151.331381,152.629543,47282.901148,-3322
74689.728485,0.056691,290772144.157105,3546.463027,5151.331381,152.571173,47243.277363,-2885
74683.874783,0.056621,289629952.511300,3546.463027,5151.331381,152.866648,47406.681797,251
74683.874783,0.056621,289629952.511300,3546.463027,5151.331381,152.954867,47445.225998,16
74690.266552,0.056698,291058688.531298,3546.463027,5151.331381,153.477511,47731.943267,1742
74690.266552,0.056698,291058688.531298,3546.463027,5151.331381,153.543915,47771.267159,1781
74690.774864,0.056704,291125892.250113,3546.463027,5151.331381,152.585038,47262.681430,-2920
74690.658102,0.056702,290997054.155038,3546.463027,5151.331381,152.582394,47274.388700,3501
74702.117843,0.056840,292580988.551438,3546.463027,5151.331381,153.114075,47513.783937,1192
74700.246418,0.056817,292136051.369801,3546.463027,5151.331381,152.191436,47090.453640,1442
74701.623753,0.056834,292291576.943492,3546.463027,5151.331381,152.693316,47338.279458,-2607
74710.405618,0.056939,293287890.436739,3546.463027,5151.331381,152.757986,47366.433283,1571
74721.626886,0.057074,294650195.436520,3546.463027,5151.331381,152.968542,47458.380851,848
74730.381112,0.057179,295700739.686999,3546.463027,5151.331381,153.032846,47526.580500,-8214
74727.706955,0.057147,295138581.728684,3546.463027,5151.331381,153.022709,47534.617722,674
74738.068025,0.057271,295892320.224814,3546.463027,5151.331381,152.838190,47455.715925,-3919
74735.666533,0.057243,295551001.159728,3546.463027,5151.331381,153.322371,47644.199605,-12
74743.728620,0.057339,296505449.433921,3546.463027,5151.331381,152.896810,47445.576907,-6390
74753.550803,0.057457,297357413.257618,3546.463027,5151.331381,152.690441,47360.871635,2539
74737.152264,0.057260,295992220.002894,3546.463027,5151.331381,153.601648,47797.770429,-1667
74741.086496,0.057308,295499811.901506,3546.463027,5151.331381,153.865606,47896.540146,-4408
74748.159375,0.057392,295963124.544863,3546.463027,5151.331381,153.495846,47711.687834,2791
74757.508932,0.057505,297013641.685107,3546.463027,5151.331381,154.001836,47996.975540,777
74752.712137,0.057447,296063390.598333,3546.463027,5151.331381,153.522003,47710.854687,5072
74747.954014,0.057390,294964693.490040,3546.463027,5151.331381,154.029920,47993.799787,-4062
74734.702620,0.057231,293674831.024269,3546.463027,5151.331381,154.039004,47983.521776,-7920
74734.485508,0.057228,293432836.529062,3546.463027,5151.331381,153.272929,47584.942629,-1669
74725.388976,0.057119,292416324.249436,3546.463027,5151.331381,153.203936,47595.178558,-2807
74735.956675,0.057246,292959399.739389,3546.463027,5151.331381,152.640631,47320.803322,-1212
74747.157064,0.057380,293364218.455158,3546.463027,5151.331381,153.255838,47612.855648,-804
74734.324669,0.057226,292708606.961553,3546.463027,5151.331381,152.775009,47373.347496,2994
74739.752823,0.057292,292960480.756757,3546.463027,5151.331381,153.750496,47834.011707,-4441
74744.875860,0.057353,292996460.171889,3546.463027,5151.331381,153.901174,47954.719153,-1058
74726.651956,0.057134,291481487.022618,3546.463027,5151.331381,153.495622,47801.340933,2992
74726.308009,0.057130,291479181.729668,3546.463027,5151.331381,153.396114,47752.479423,4675
74726.296296,0.057130,291478665.159518,3546.463027,5151.331381,153.552638,47832.271784,3870
74732.391235,0.057203,291585565.518772,3546.463027,5151.331381,153.437607,47761.529791,-3184
74721.631349,0.057074,291004604.518975,3546.463027,5151.331381,153.841793,47955.006934,-889
74721.631349,0.057074,291004604.518975,3546.463027,5151.331381,153.794256,47929.177658,-496
74721.631349,0.057074,291004604.518975,3546.463027,5151.331381,153.826839,47945.421502,-783
74725.439601,0.057120,290857241.666067,3546.463027,5151.331381,153.922988,47990.757808,-1170
74733.181838,0.057213,290886163.080376,3546.463027,5151.331381,153.812620,47895.480528,1015
74713.156704,0.056972,290000290.437920,3546.463027,5151.331381,154.022799,48049.010593,-1882
74712.170500,0.056961,289996609.789241,3546.463027,5151.331381,154.195611,48139.342943,-4094
74712.170500,0.056961,289996609.789241,3546.463027,5151.331381,154.264309,48172.478813,-4961
74690.213668,0.056697,289339079.093531,3546.463027,5151.331381,153.036508,47548.419669,1248
74690.213668,0.056697,289339079.093531,3546.463027,5151.331381,152.959454,47517.449784,1500
74690.213668,0.056697,289339079.093531,3546.463027,5151.331381,152.897926,47485.521088,2264
74690.213668,0.056697,289339079.093531,3546.463027,5151.331381,153.053766,47565.730637,2264
74690.213668,0.056697,289339079.093531,3546.463027,5151.331381,152.947002,47514.762201,2372
74690.213668,0.056697,289339079.093531,3546.463027,5151.331381,152.834915,47459.139921,2089
74676.135940,0.056528,288900609.765440,3546.463027,5151.331381,154.315041,48217.364310,7094
74676.135940,0.056528,288900609.765440,3546.463027,4930.046146,154.271134,48194.225391,7112
74676.135940,0.056528,288900609.765440,3546.463027,4930.046146,154.271134,48194.225391,7112
74676.135940,0.056528,288900609.765440,3546.463027,4930.046146,154.271134,48194.225391,7112
74682.353071,0.056603,288966884.600430,3546.463027,5026.427260,154.082988,48100.027380,8682
74682.353071,0.056603,288966884.600430,3546.463027,5026.427260,154.082988,48100.027380,8682
74678.161956,0.056552,288815332.123978,3546.463027,5078.572831,154.404851,48259.561436,2655
74678.161956,0.056552,288815332.123978,3546.463027,5078.572831,154.404851,48259.561436,2655
74674.754058,0.056511,288750083.900652,3546.463027,4547.676660,153.790678,47940.928829,2867
74674.221322,0.056505,288744524.488498,3546.463027,4470.366875,153.499883,47808.531780,1734
74674.221322,0.056505,288744524.488498,3546.463027,4470.366875,153.499883,47808.531780,1734
74674.221322,0.056505,288744524.488498,3546.463027,4470.366875,153.499883,47808.531780,1734
74669.472500,0.056448,288659728.334587,3546.463027,5433.078777,153.933773,48024.868985,4317
74669.472500,0.056448,288659728.334587,3546.463027,5433.078777,153.933773,48024.868985,4317
74669.472500,0.056448,288659728.334587,3546.463027,5433.078777,153.933773,48024.868985,4317
74668.743898,0.056439,288646296.253797,3546.463027,4652.453976,153.604576,47858.185141,-913
74665.251703,0.056397,288601542.313947,3546.463027,4652.453976,154.144837,48139.795596,828
74665.251703,0.056397,288601542.313947,3546.463027,4652.453976,154.144837,48139.795596,828
74665.251703,0.056397,288601542.313947,3546.463027,4652.453976,154.144837,48139.795596,828
74662.776050,0.056368,288583831.598073,3546.463027,4470.366875,154.066930,48095.791677,5014
74662.776050,0.056368,288583831.598073,3546.463027,4470.366875,154.066930,48095.791677,5014
74662.776050,0.056368,288583831.598073,3546.463027,4470.366875,154.066930,48095.791677,5014
74662.776050,0.056368,288583831.598073,3546.463027,4470.366875,154.066930,48095.791677,5014
74662.776050,0.056368,288583831.598073,3546.463027,4470.366875,154.066930,48095.791677,5014
74662.776050,0.056368,288583831.598073,3546.463027,4470.366875,154.066930,48095.791677,5014
74660.922808,0.056346,288561390.715217,3546.463027,5384.753569,154.315180,48225.587078,4809
74660.922808,0.056346,288561390.715217,3546.463027,5384.753569,154.315180,48225.587078,4809
74660.922808,0.056346,288561390.715217,3546.463027,5384.753569,154.315180,48225.587078,4809
74655.178302,0.056277,288523382.793685,3546.463027,5123.647236,153.854141,47990.234361,1585
74655.178302,0.056277,288523382.793685,3546.463027,5123.647236,153.854141,47990.234361,1585
74655.178302,0.056277,288523382.793685,3546.463027,5123.647236,153.854141,47990.234361,1585
74655.178302,0.056277,288523382.793685,3546.463027,5123.647236,153.854141,47990.234361,1585
74655.178302,0.056277,288523382.793685,3546.463027,5123.647236,153.854141,47990.234361,1585
74655.178302,0.056277,288523382.793685,3546.463027,5123.647236,153.854141,47990.234361,1585
74655.178302,0.056277,288523382.793685,3546.463027,5123.647236,153.854141,47990.234361,1585
74655.178302,0.056277,288523382.793685,3546.463027,5123.647236,153.854141,47990.234361,1585
74655.178302,0.056277,288523382.793685,3546.463027,5123.647236,153.854141,47990.234361,1585
74655.178302,0.056277,288523382.793685,3546.463027,5123.647236,153.854141,47990.234361,1585
74655.178302,0.056277,288523382.793685,3546.463027,5123.647236,153.854141,47990.234361,1585
74655.178302,0.056277,288523382.793685,3546.463027,5123.647236,153.854141,47990.234361,1585
74655.178302,0.056277,288523382.793685,3546.463027,5123.647236,153.854141,47990.234361,1585
74655.178302,0.056277,288523382.793685,3546.463027,5123.647236,153.854141,47990.234361,1585
74655.178302,0.056277,288523382.793685,3546.463027,5123.647236,153.854141,47990.234361,1585
74655.178302,0.056277,288523382.793685,3546.463027,5123.647236,153.854141,47990.234361,1585
74655.178302,0.056277,288523382.793685,3546.463027,5123.647236,153.854141,47990.234361,1585
74655.178302,0.056277,288523382.793685,3546.463027,5123.647236,153.854141,47990.234361,1585
74655.178302,0.056277,288523382.793685,3546.463027,5123.647236,153.854141,47990.234361,1585
74655.178302,0.056277,288523382.793685,3546.463027,5123.647236,153.854141,47990.234361,1585
74655.178302,0.056277,288523382.793685,3546.463027,5123.647236,153.854141,47990.234361,1585
74655.178302,0.056277,288523382.793685,3546.463027,5123.647236,153.854141,47990.234361,1585
74655.178302,0.056277,288523382.793685,3546.463027,5123.647236,153.854141,47990.234361,1585
74655.178302,0.056277,288523382.793685,3546.463027,5123.647236,153.854141,47990.234361,1585
74655.178302,0.056277,288523382.793685,3546.463027,5123.647236,153.854141,47990.234361,1585
74655.178302,0.056277,288523382.793685,3546.463027,5123.647236,153.854141,47990.234361,1585
74655.178302,0.056277,288523382.793685,3546.463027,5123.647236,153.854141,47990.234361,1585
74655.178302,0.056277,288523382.793685,3546.463027,5123.647236,153.854141,47990.234361,1585
74655.178302,0.056277,288523382.793685,3546.463027,5123.647236,153.854141,47990.234361,1585
74655.178302,0.056277,288523382.793685,3546.463027,5123.647236,153.854141,47990.234361,1585
74655.178302,0.056277,288523382.793685,3546.463027,5123.647236,153.854141,47990.234361,1585
74655.178302,0.056277,288523382.793685,3546.463027,5123.647236,153.854141,47990.234361,1585
74655.178302,0.056277,288523382.793685,3546.463027,5123.647236,153.854141,47990.234361,1585
74655.178302,0.056277,288523382.793685,3546.463027,5123.647236,153.854141,47990.234361,1585
74655.178302,0.056277,288523382.793685,3546.463027,5123.647236,153.854141,47990.234361,1585
74654.994925,0.056274,288538478.405626,3546.463027,5123.647236,153.980611,48007.167444,656
74665.218571,0.056397,289406197.335608,3546.463027,5123.647236,152.973566,47505.088875,-2325
74671.107070,0.056468,290010388.858882,3546.463027,5123.647236,152.338246,47170.298462,-3771
74677.498766,0.056544,290648285.882964,3546.463027,5123.647236,152.859677,47444.204061,-4835
74687.112500,0.056660,291232949.711922,3546.463027,5123.647236,153.158147,47590.929251,-4385
74691.337453,0.056711,291432184.803856,3546.463027,5123.647236,153.150724,47583.424309,-1738
74692.202812,0.056721,291497109.609241,3546.463027,5123.647236,154.091560,48036.128383,-1774
74686.682507,0.056655,291036705.369271,3546.463027,5123.647236,154.147179,48055.712574,-2549
74692.641403,0.056726,291545491.016149,3546.463027,5123.647236,154.253337,48096.185764,-1907
74705.501302,0.056881,292352097.445045,3546.463027,5123.647236,154.345086,48140.369431,-6256
74704.603318,0.056870,292177202.862875,3546.463027,5123.647236,154.260950,48121.359665,-1609
74714.578153,0.056989,292605627.394180,3546.463027,5123.647236,154.056529,48004.640172,3130
74717.221166,0.057021,292535015.154175,3546.463027,5123.647236,153.609025,47828.191969,-1125
74702.694700,0.056847,291461032.504704,3546.463027,5123.647236,154.068158,48028.667065,186
74670.726750,0.056463,288899487.167608,3546.463027,5123.647236,153.204526,47603.497361,1548
74674.909725,0.056513,289129011.090928,3546.463027,5123.647236,153.259077,47589.144539,-2988
74676.484530,0.056532,289004488.502900,3546.463027,5123.647236,153.019842,47473.691883,-4395
74680.822374,0.056584,289140191.178588,3546.463027,5123.647236,152.992025,47486.640427,-428
74681.421400,0.056592,289097519.194385,3546.463027,5123.647236,153.154973,47551.383555,-1464
74681.421400,0.056592,289097519.194385,3546.463027,5123.647236,153.178922,47562.549143,-1993
74681.421400,0.056592,289097519.194385,3546.463027,5123.647236,153.215866,47580.115931,-2491
74681.421400,0.056592,289097519.194385,3546.463027,5123.647236,153.186384,47563.769920,-3935
74674.386759,0.056507,288034597.204215,3546.463027,5123.647236,152.570811,47265.415813,-5746
74674.386759,0.056507,288034597.204215,3546.463027,5123.647236,152.682581,47324.015806,-5823
74673.045213,0.056491,287615248.761333,3546.463027,5123.647236,153.859539,47907.424790,-3588
74673.045213,0.056491,287615248.761333,3546.463027,5123.647236,153.910657,47934.819693,-2864
74673.045213,0.056491,287615248.761333,3546.463027,5123.647236,153.619484,47797.516306,-2318
74673.045213,0.056491,287615248.761333,3546.463027,5123.647236,153.524255,47751.982985,-2023
74659.125026,0.056324,286804867.771289,3546.463027,5123.647236,154.224485,48073.458790,-7809
74652.699067,0.056247,286518693.242722,3546.463027,5123.647236,153.838343,47899.685636,-4066
74652.699067,0.056247,286518693.242722,3546.463027,5123.647236,153.617451,47785.247588,-3681
74652.699067,0.056247,286518693.242722,3546.463027,5123.647236,153.776440,47875.046131,-4584
74652.699067,0.056247,286518693.242722,3546.463027,5123.647236,153.743244,47856.967110,-4957
74652.699067,0.056247,286518693.242722,3546.463027,5123.647236,153.848157,47904.994510,-4240
74653.513717,0.056257,286421357.217449,3546.463027,5123.647236,153.297135,47645.388465,2345
74649.986498,0.056214,286296586.041156,3546.463027,5123.647236,153.155505,47593.793724,2080
74645.790106,0.056164,286004996.924381,3546.463027,5123.647236,153.759560,47914.907983,-2104
74657.990314,0.056310,286115587.960016,3546.463027,3905.542600,153.182821,47594.214564,-1039
74657.990314,0.056310,286115587.960016,3546.463027,3905.542600,153.182821,47594.214564,-1039
74657.990314,0.056310,286115587.960016,3546.463027,3905.542600,153.182821,47594.214564,-1039
74662.328440,0.056362,286177030.730983,3546.463027,4634.248483,153.825005,47889.798308,-730
74625.227380,0.055917,285507953.624545,3546.463027,5009.628330,153.541487,47765.534520,1218
74611.450795,0.055752,285275566.791735,3546.463027,5011.160943,153.202367,47631.130461,4694
74611.450795,0.055752,285275566.791735,3546.463027,5011.160943,153.202367,47631.130461,4694
74604.184306,0.055665,285155044.605928,3546.463027,5866.543531,153.641863,47864.373045,2062
74599.549724,0.055609,285077417.593964,3546.463027,5332.650092,153.695605,47851.726395,2684
74599.549724,0.055609,285077417.593964,3546.463027,5332.650092,153.695605,47851.726395,2684
74594.265129,0.055546,285022760.072357,3546.463027,5468.368861,153.640336,47814.221242,-827
74598.005631,0.055590,285067662.396603,3546.463027,5433.528136,153.558037,47774.932015,1678
74596.949532,0.055578,285044362.461120,3546.463027,5261.826204,153.210860,47610.341072,3357
74596.949532,0.055578,285044362.461120,3546.463027,5261.826204,153.210860,47610.341072,3357
74595.923384,0.055565,285049878.208947,3546.463027,5261.826204,153.231660,47617.905645,2973
74595.923384,0.055565,285049878.208947,3546.463027,5261.826204,153.231660,47617.905645,2973
74587.510381,0.055464,284941356.654508,3546.463027,4976.716990,153.353492,47670.209356,-3271
74587.510381,0.055464,284941356.654508,3546.463027,4976.716990,153.353492,47670.209356,-3271
74587.478125,0.055464,284935493.616529,3546.463027,5229.581914,153.229633,47606.030028,-914
74587.478125,0.055464,284935493.616529,3546.463027,5229.581914,153.229633,47606.030028,-914
74587.478125,0.055464,284935493.616529,3546.463027,5229.581914,153.229633,47606.030028,-914
74587.478125,0.055464,284935493.616529,3546.463027,5229.581914,153.229633,47606.030028,-914
74587.478125,0.055464,284935493.616529,3546.463027,5229.581914,153.229633,47606.030028,-914
74587.478125,0.055464,284935493.616529,3546.463027,5229.581914,153.229633,47606.030028,-914
74587.478125,0.055464,284935493.616529,3546.463027,5229.581914,153.229633,47606.030028,-914
74587.478125,0.055464,284935493.616529,3546.463027,5229.581914,153.229633,47606.030028,-914
74587.478125,0.055464,284935493.616529,3546.463027,5229.581914,153.229633,47606.030028,-914
74587.145237,0.055460,284931831.353658,3546.463027,4972.849585,153.074188,47529.109039,2188
74587.145237,0.055460,284931831.353658,3546.463027,4972.849585,153.074188,47529.109039,2188
74587.145237,0.055460,284931831.353658,3546.463027,4972.849585,153.074188,47529.109039,2188
74587.145237,0.055460,284931831.353658,3546.463027,4972.849585,153.074188,47529.109039,2188
74587.145237,0.055460,284931831.353658,3546.463027,4972.849585,153.074188,47529.109039,2188
74587.145237,0.055460,284931831.353658,3546.463027,4972.849585,153.074188,47529.109039,2188
74587.145237,0.055460,284931831.353658,3546.463027,4972.849585,153.074188,47529.109039,2188
74587.145237,0.055460,284931831.353658,3546.463027,4972.849585,153.074188,47529.109039,2188
74587.145237,0.055460,284931831.353658,3546.463027,4972.849585,153.074188,47529.109039,2188
74587.145237,0.055460,284931831.353658,3546.463027,4972.849585,153.074188,47529.109039,2188
74587.145237,0.055460,284931831.353658,3546.463027,4972.849585,153.074188,47529.109039,2188
74587.040862,0.055459,284930778.873086,3546.463027,5009.741011,153.088011,47536.727843,774
74587.040862,0.055459,284930778.873086,3546.463027,5009.741011,153.088011,47536.727843,774
74587.040862,0.055459,284930778.873086,3546.463027,5009.741011,153.088011,47536.727843,774
